id,track_name,artist_id,artist_name,album_id,album_name,release_date,duration,uri,playlist_offset
28Z4IeW9azaCyVMQpJtyp7,Lost Meaning,2lP34R0Q7edlojuJrUMPnj,Cloakroom,0XABQZMWdLKgGfpFcsmBjR,Dissolution Wave,2022-01-28,271.978,spotify:track:28Z4IeW9azaCyVMQpJtyp7,0
6Gyfnh212BLrBpIwjnXYIh,Imposter Syndrome,1tK28YnQJ6edBujubs7FXo,Whores,4l0JAsTXAZyERJR2h7O6z6,Imposter Syndrome,2022-03-01,244.915,spotify:track:6Gyfnh212BLrBpIwjnXYIh,1
1ncl5OvSGPeQvbI4uNF6iV,I Close My Eyes so I Can See,5C9ocrDvsfSz8qcxG70QEe,Sylvaine,3Bx01WCfpuiY5OfHskn5Kz,Nova,2022-03-04,314.631,spotify:track:1ncl5OvSGPeQvbI4uNF6iV,2
31P6mBeSiLy3kIOrxnRpwq,Digerliden,4KBxK8PodYKpYBpN6ewwmQ,Besvärjelsen,0zCEjOIs9FZPuHsSTSioIx,Digerliden,2022-03-04,282.293,spotify:track:31P6mBeSiLy3kIOrxnRpwq,3
1uMcy6dDlrQby1nD6xwKOw,Satanic Slumber Party Part 2 (Midnight In Sodom),0mL6LBSQ4bHe6hWq90KzHL,Tropical Fuck Storm,2xRTFyydYap0kAWPfJwU2i,Satanic Slumber Party,2022-03-14,342.551,spotify:track:1uMcy6dDlrQby1nD6xwKOw,4
5OW7KWn4omULRak20rzuNx,From Second Sight,1LNgvz72fQVLe7ZNIw6Ipo,Satan,4aUhvTjR9sxW2NIqyczsba,From Second Sight,2022-03-11,222.115,spotify:track:5OW7KWn4omULRak20rzuNx,5
33AIUV05GZnow3MTZ8V7zh,Steelbound,2eOmJMVlhgac2iA8V2fR4W,Greyhawk,4mtNZLDpGmNqmrGOvVjG4z,Call of the Hawk,2022-02-08,250.932,spotify:track:33AIUV05GZnow3MTZ8V7zh,6
53bqV8I1QeWPBfLSTlP0Ok,Fun's Over,6q4AmzK3GzCuEzkurnYuEQ,Drug Church,7o7dfudZfiankIzcfXXamT,Hygiene,2022-03-11,112.8,spotify:track:53bqV8I1QeWPBfLSTlP0Ok,7
0l9QPYg6TpbYA6fgXaYmRc,Leaves,6STFxYSH5FFYqNuJSNHqgP,Children of the Sün,3LIDGjqIJ1E9YwabMjuu13,Roots,2022-03-18,227.586,spotify:track:0l9QPYg6TpbYA6fgXaYmRc,8
4b0wjv60XIaqokGzv1euDM,The Trident,6MjCnAA9RF0vy3j6QYyLG0,Nite,1rsMO1bwVlUhaZi7jvnEnA,Voices of the Kronian Moon,2022-03-25,262.965,spotify:track:4b0wjv60XIaqokGzv1euDM,9
7dBxjNPea3y3uZC6C05hq5,Little Fix,27nD8P491xX8UzG3j01eIY,Sprints,0IZwGu5IVwpP4b6aCDs3zp,A Modern Job EP,2022-03-11,196.0,spotify:track:7dBxjNPea3y3uZC6C05hq5,10
0qD3xKbjC9lFotRUK2J8mE,Blood Moon,6mEohczxsctzkEIU0WAeWD,Christian Death,6HxWMjAq1qIJCEld2VEiTB,Blood Moon,2022-02-10,213.92,spotify:track:0qD3xKbjC9lFotRUK2J8mE,11
4xNYaeAZZFTgqY0iJJDb8C,Silent She Comes,2t0cSfnr9wpvAspXuYBuuT,Deathbell,1ls1cb0pn4VGEZp80eIHbp,A Nocturnal Crossing,2022-02-25,278.952,spotify:track:4xNYaeAZZFTgqY0iJJDb8C,12
2oSRCwRM9PEo4vJ5DGpQr4,Overstimulate,1Pb13vLDNqpaXI88U9t6JG,Chastity,0bQNLzwiW9RBH77MkGNp6k,Suffer Summer,2022-01-13,217.706,spotify:track:2oSRCwRM9PEo4vJ5DGpQr4,13
0mtLEQz6qt3PDrJd5nYpCl,Praise No Bliss,5Bt0klpQtEMLXb0n2bCq85,Bastardane,4jDPK3KTbxsIUCE4uA4xhC,Is This Rage?,2022-03-12,344.242,spotify:track:0mtLEQz6qt3PDrJd5nYpCl,14
7ijc00jczCa64YbJNO14eb,In Your Face,0dD18OLw7WRlZlBu9ZDmSH,Grima,2cyico36AkIDio01bFMpry,A Ver Ahora,2022-03-23,192.461,spotify:track:7ijc00jczCa64YbJNO14eb,15
6RBwhxL28i63ZwluSirl9d,Total,0Zy4ncr8h1jd7Nzr9946fD,Killing Joke,5Urcd0CgxOwChJzrJnanIo,Lord Of Chaos,2022-03-25,264.287,spotify:track:6RBwhxL28i63ZwluSirl9d,16
2VWrUXWBRCYdBXP1jp3m3t,Party March,2mkGbwg4uYaUlmQDZpga27,Stöner,4NRrqKhvRUQnINIPY8mikL,Party March,2022-03-17,232.146,spotify:track:2VWrUXWBRCYdBXP1jp3m3t,17
3HX0YoAMG2aKL0NQn5HjLY,Altamira,144tOsApwFr8IORHSxLqLq,Mammoth Weed Wizard Bastard,1ctS55Z8IGbCgWvz9ymiPE,The Harvest,2022-03-25,464.148,spotify:track:3HX0YoAMG2aKL0NQn5HjLY,18
740y38LGyr6gNETQSlKRoW,Delia Smith,27nD8P491xX8UzG3j01eIY,Sprints,0IZwGu5IVwpP4b6aCDs3zp,A Modern Job EP,2022-03-11,219.0,spotify:track:740y38LGyr6gNETQSlKRoW,19
2dlbhtMreIf5X9bMPMrhn9,What Would You Do,05C3EDw4Rf0qMhrdjFKncL,Fucked Up,39NLIYLEjLnvA3N9wF9slF,Do All Words Can Do,2022-03-25,171.093,spotify:track:2dlbhtMreIf5X9bMPMrhn9,20
4cj9oqXwEDaXOADJw9clMc,Wake Up Dead,3JFsVIxOn7STeilPICkkB2,Lamb of God,6P0dS26zzxkYkxDFiLSrre,Wake Up Dead,2022-04-01,223.413,spotify:track:4cj9oqXwEDaXOADJw9clMc,21
0CXIg7Mdn6Mn5ApZB87k7R,For The Last Time,6V6MyDcytW48stIykhH937,Skull Fist,7kotciioesojvM4kwMH5uR,For The Last Time,2022-03-31,241.786,spotify:track:0CXIg7Mdn6Mn5ApZB87k7R,22
4DCtTtWYJLP3UD2s9Km0Ee,Grave Dive,2Ah9OuOj7B57gPD1cbwiaE,Municipal Waste,5D6o12XKVSm9arPgSFefgV,Grave Dive,2022-04-01,151.08,spotify:track:4DCtTtWYJLP3UD2s9Km0Ee,23
6I5GhdPNr0Zjy7NmkSdXmX,PUPTHEBAND Inc. Is Filing For Bankruptcy,6A7uqgC2N1nUhrCLAytHxN,PUP,2bRpK0BpzYUQZYIzri35n6,THE UNRAVELING OF PUPTHEBAND,2022-04-01,185.133,spotify:track:6I5GhdPNr0Zjy7NmkSdXmX,24
7I9BzQO7K9xOX7nLMcpu1p,Windows of Your Heart,7Iej5Kqi4cLAuZZ66dGt3H,Haunt,61iHfo2p97CuOnyAzisXPF,Windows of Your Heart,2022-04-01,222.4,spotify:track:7I9BzQO7K9xOX7nLMcpu1p,25
0Y8h0hAViB7tu93jt3GWPJ,Dust,5RoqynWCL6FbO5LdipoFU1,Wolf,3XChH0deyZy39f2ntkqG96,Shadowland,2022-04-01,282.893,spotify:track:0Y8h0hAViB7tu93jt3GWPJ,26
5sXfifFZFfC9L3nG7Z0UdF,Edge of the Night,6MjCnAA9RF0vy3j6QYyLG0,Nite,5gZwLUmvkRFGjSOlmG7UhI,Edge of the Night,2022-02-16,303.448,spotify:track:5sXfifFZFfC9L3nG7Z0UdF,27
0jKXK6sFUveDhURsXt2MWF,Hissing in Crescendo,4bMhBA9z2oB9MixiL9OXCx,Evil Invaders,5NkcJCyn7G9CTnXPPakprm,Shattering Reflection,2022-04-01,265.64,spotify:track:0jKXK6sFUveDhURsXt2MWF,28
0BlIn5VuwfIu7Hd34jB2ur,Blinded by a Blaze,5m2NwwPj4pzGQC0PQwMBWi,Cave In,3uOGqQ1fEzYaRN0iU7xNEl,Blinded by a Blaze,2022-04-05,459.182,spotify:track:0BlIn5VuwfIu7Hd34jB2ur,29
0m4TZR8abPcRJfTQ7BdZcc,Logic Bomb,144tOsApwFr8IORHSxLqLq,Mammoth Weed Wizard Bastard,1ctS55Z8IGbCgWvz9ymiPE,The Harvest,2022-03-25,469.623,spotify:track:0m4TZR8abPcRJfTQ7BdZcc,30
5XXcLqijhN5xHlCndA3427,See Sights Smell Smells,11O8jS9NNmewQkpiGXu0eb,Helms Alee,1Gq8mJ05VT31Q6Pi7397qt,See Sights Smell Smells,2022-03-10,162.158,spotify:track:5XXcLqijhN5xHlCndA3427,31
4oWbOy5XxbC1FaxMuH3tiG,Notes on How to Trust,6ggf9cwxdhYNLFPhf4CazJ,GGGOLDDD,7Mr30EYBvw0478dQgJUsyX,This Shame Should Not Be Mine,2022-04-01,231.912,spotify:track:4oWbOy5XxbC1FaxMuH3tiG,32
5olqNpXYIzRdzl2De7vCE9,Harvel,4Le80wrubz9u0ZNpfsgz05,Dumb Numbers,0aTHI7XugPz3D6h8UxzqwD,Broken Pipe EP,2022-04-29,119.68,spotify:track:5olqNpXYIzRdzl2De7vCE9,33
4vl5rB81x1nVJC8TZRUVeZ,Ancient Nug,7KwTOgmCktKmZoWfe3vUsF,Telekinetic Yeti,1W1N2yQPQggt0Inu5prDim,Ancient Nug,2022-04-08,291.038,spotify:track:4vl5rB81x1nVJC8TZRUVeZ,34
6TpOpsgXwMvm0bSkdq27EC,Gaia,6XYvaoDGE0VmRt83Jss9Sn,King Gizzard & The Lizard Wizard,4tuqA7qbVsPukqsYPPrcF7,Omnium Gatherum,2022-04-22,311.339,spotify:track:6TpOpsgXwMvm0bSkdq27EC,35
4U0ZkhJ5q8JOFzDhRrCsVI,Blood Spiller,5m2NwwPj4pzGQC0PQwMBWi,Cave In,4INTfLLX0IkZALmFceJKuZ,Blood Spiller,2022-04-26,241.427,spotify:track:4U0ZkhJ5q8JOFzDhRrCsVI,36
3dg5pL4eoNNzuWMYrSYcK1,Sorcerer's Fate,5sW5eR9g4kNibasfrlw4EN,Spirit Adrift,5aucqaGKQlvoLPkJRQuPj5,Sorcerer's Fate,2022-04-20,333.773,spotify:track:3dg5pL4eoNNzuWMYrSYcK1,37
4C5jBX2abWsWflszOL0VDN,Tripping Up the Stairs,11O8jS9NNmewQkpiGXu0eb,Helms Alee,0JAavZM4HlAzCgAPagRik9,Tripping Up the Stairs,2022-04-07,241.67,spotify:track:4C5jBX2abWsWflszOL0VDN,38
7edrNPCeowmE9xH5pQo7A6,Dick Around,7pwjGKaqnfkvS7eQbHaqyH,Sparks,7LmBhM0HCIc5AFvmoM0H1P,Hello Young Lovers,2006-02-06,395.066,spotify:track:7edrNPCeowmE9xH5pQo7A6,39
50qO89xS45jO4kcHwyhlpG,Red Mist,1MZ8NERIuOS610KBhr6yna,Tygers Of Pan Tang,543KbAw4GeaDdYEDdLuWIh,A New Heartbeat,2022-04-22,269.531,spotify:track:50qO89xS45jO4kcHwyhlpG,40
5bxisLZgmKZ1msHkXqkr84,The Chariot,3OX4skiU9o7fxdi5Li7k5l,Valley of the Sun,2VXmHnOJpC05asp3sZnpVC,The Chariot,2022-03-31,296.586,spotify:track:5bxisLZgmKZ1msHkXqkr84,41
6u22WF9zosP5R7qlWsB3cq,Watch Out,18jTFcgHRRYHdwdof1MDZw,Thundermother,6Z7PAQTG3SsXbaMQIH743Y,Watch Out,2022-04-08,191.315,spotify:track:6u22WF9zosP5R7qlWsB3cq,42
42wbaYJFOXd4UZxo0dHcsD,Souls of Megiddo,1CxIZzNyWMQbOq1RGbw7R2,Mirror,4SWzyQFBYMYVHQbsr8W3A4,The Day Bastard Leaders Die,2022-04-22,241.588,spotify:track:42wbaYJFOXd4UZxo0dHcsD,43
4fnNlOmWOoLJtwETdf38bC,Spirit Liberation,674hXtod8wUNvAUKUvElhf,Mutually Assured Destruction,0QVaj5KVMxrrDg4KAnCWBK,Spirit Liberation,2022-04-15,150.4,spotify:track:4fnNlOmWOoLJtwETdf38bC,44
2H29gcCEkBJWODlEJqjQi2,No More Sports,4iaDWP59Z3e62DW7YWDbIE,Post Animal,3CKHAA30592r33et4rOM5E,No More Sports,2022-04-06,238.663,spotify:track:2H29gcCEkBJWODlEJqjQi2,45
0kco15ozQ8NHEeZSqgWZ0U,Holy Mountain,7FhkwcO8Jd7BRWdllBpXBJ,Rotting Christ,6sDAVTX74dB0v6RdNCbYOL,Holy Mountain,2022-04-21,313.209,spotify:track:0kco15ozQ8NHEeZSqgWZ0U,46
0trsDMSa16iKVLvGuwoee2,Life Unknown,5pBjhwqwoCpxGm4igqvgCi,Praise,2OHDTjpGe1QosiQiy7UVwe,Life Unknown,2022-04-22,217.646,spotify:track:0trsDMSa16iKVLvGuwoee2,47
4rf2M4sifR7DqKMnWSo9b0,Skin & Sorrow,0qsMpawuC9W6kQlbu1mbo1,Frayle,5igJu84Qjd4KjbLfTE43ss,Skin & Sorrow,2022-04-01,324.105,spotify:track:4rf2M4sifR7DqKMnWSo9b0,48
7vV5KQQ19H6wIfoJ6QPHN6,Path to R,6oQRvz9JHOHWtryh47KdOH,Druids,4w9iREsKLfGydiRkPt5g9I,Path to R,2022-04-05,406.653,spotify:track:7vV5KQQ19H6wIfoJ6QPHN6,49
6nf9etvpfBXKl9vf8e66sq,Backlight,6kVOxRDfUu4GG8w2Krq0mV,Magogaio,7MTVvmp6LW3QzHqCTNPlo2,Backlight,2022-03-25,446.066,spotify:track:6nf9etvpfBXKl9vf8e66sq,50
6Pif6RkFoYzLygdqktus4Q,The Foundations of Decay,7FBcuc1gsnv6Y1nwFtNRCb,My Chemical Romance,28SHC2Kn35Nl9yd94CbF3q,The Foundations of Decay,2022-05-12,360.76,spotify:track:6Pif6RkFoYzLygdqktus4Q,51
3qAqVQU4bf1ycHQvgqTzYm,Reckoning,5m2NwwPj4pzGQC0PQwMBWi,Cave In,6qaCXwtvRmnz3xuU0dLzzt,Reckoning,2022-05-10,273.569,spotify:track:3qAqVQU4bf1ycHQvgqTzYm,52
4dcYvRYLWQotNzLxR71cd4,The Mariner,6p3ujScyKnUXPP5YcrOzNq,Fer de Lance,2xwEZWOYv3eko47N0Wejrk,The Hyperborean,2022-04-22,496.439,spotify:track:4dcYvRYLWQotNzLxR71cd4,53
5HsdXoHYE7z1WZWlUnm7FX,Treacle & Revenge,0qsMpawuC9W6kQlbu1mbo1,Frayle,0AaHmJ9VQx66VztOV5k94s,Treacle & Revenge,2022-05-27,232.396,spotify:track:5HsdXoHYE7z1WZWlUnm7FX,54
4WXlHPknaqFYknWRW9uZ9h,Primordial,7KwTOgmCktKmZoWfe3vUsF,Telekinetic Yeti,5mfiHcp5ZvgXTGN44Wa2oY,Primordial,2022-06-08,275.005,spotify:track:4WXlHPknaqFYknWRW9uZ9h,55
4hHwHVSHYs6UFtL71fKc5n,For My Sins,72ThxubT9T0hqFUi1gU89d,Famyne,5MIhBFHvLFlQlTxytwV0ag,II: The Ground Below,2022-05-13,299.373,spotify:track:4hHwHVSHYs6UFtL71fKc5n,56
7tEHVdvaejSChl6NxZK365,Spit and Crawl,24gLB3aNxsJ5za4jatSSrv,Funeral Chic,3ryWsJPvxFTejbAcVH0K94,Spit and Crawl,2022-05-20,186.261,spotify:track:7tEHVdvaejSChl6NxZK365,57
1ifzQLjKZ0aviKmqsfKKOW,Never Wanted That,3seAlZdPsUKKveZltRG7wi,Greg Puciato,0oifFys02KPKUm11gE0W1G,Never Wanted That,2022-05-13,329.449,spotify:track:1ifzQLjKZ0aviKmqsfKKOW,58
7hEgckrxQxTNJ0WMjkfyhH,High Speed Steel,2Ah9OuOj7B57gPD1cbwiaE,Municipal Waste,3IBzEW9Cdtbn7Yc1o4Jv7W,High Speed Steel,2022-05-19,151.973,spotify:track:7hEgckrxQxTNJ0WMjkfyhH,59
3vis6eXBCRzBfbgliNoMdt,Hell Is My Purgatory,6mfghV4I1CD17FOhDKq7cJ,Grave Digger,6JoXru5HAg3NCCK26eBiEo,Hell Is My Purgatory,2022-05-20,233.706,spotify:track:3vis6eXBCRzBfbgliNoMdt,60
6d8IfXt2kt5sQrtotsOa57,Berserker Mode,3dnH7fdVm2X07MK6Fkbhbt,Gwar,0OyiGqnbDdIcC2c9RLgYri,Berserker Mode,2022-05-17,247.565,spotify:track:6d8IfXt2kt5sQrtotsOa57,61
2EmeGMsE1gGKSIB3yUUzus,Pet Meds,44oN0vCjXKYPCMzLknfbFX,Kamikaze Nurse,7lbuzReqmONPxvTdicE6mN,Pet Meds,2022-05-17,291.396,spotify:track:2EmeGMsE1gGKSIB3yUUzus,62
0DB4PFC62HsgBYyvllF0e1,House Of The Burning Light,4KBxK8PodYKpYBpN6ewwmQ,Besvärjelsen,1vwrThsv99gKQ7Kkf4EcCH,Atlas,2022-05-27,327.946,spotify:track:0DB4PFC62HsgBYyvllF0e1,63
1GE1oTDhYsAI6yP4dAFOqW,Bravo,7uqOQ6QYdmLuF6NklBYdiY,Gospel,50LrwtMDoMBcWffhaoJrs8,The Loser,2022-05-13,276.866,spotify:track:1GE1oTDhYsAI6yP4dAFOqW,64
52AuNdr7fwqCy7CXbtYPyf,Blood Libel,3dnH7fdVm2X07MK6Fkbhbt,Gwar,6NwSOXAwB7H3njmkrGV3eC,The New Dark Ages,2022-06-03,216.229,spotify:track:52AuNdr7fwqCy7CXbtYPyf,65
0LSzeqec393tVQCkrHfcRk,Electrified Brain,2Ah9OuOj7B57gPD1cbwiaE,Municipal Waste,0yrgB9wg6UDvPZ0UjzPbfV,Electrified Brain,2022-06-02,165.386,spotify:track:0LSzeqec393tVQCkrHfcRk,66
4VaoZnNbqlAPuHIrwauGiw,Mercenaries,7Iej5Kqi4cLAuZZ66dGt3H,Haunt,47tJD28KOKcGhO6Rd3y4oq,Mercenaries,2022-06-01,256.568,spotify:track:4VaoZnNbqlAPuHIrwauGiw,67
16MDul2iwzmSuYYck5vhe5,Iron Shackles,3Q6HBJO4zLpVRCM0TwE3gZ,Luzifer,4pUmkwAF3H7l6hC1YDnRsV,Iron Shackles,2022-03-25,338.133,spotify:track:16MDul2iwzmSuYYck5vhe5,68
56SxJBXUQY9ZlTLlg75XbV,Tenacious D's The Who Medley,1XpDYCrUJnvCo9Ez6yeMWh,Tenacious D,5CQQSHncz8NS8WpZuCSXTT,Tenacious D's The Who Medley,2022-06-08,193.46,spotify:track:56SxJBXUQY9ZlTLlg75XbV,69
4jWKytkjmSFmub8n5I6js6,Mayonaka No Kaii,4VUguuy2qoVGDMwH1tL7Qr,Sigh,0a09ZLK9kfzqbT5G0LDllk,Mayonaka No Kaii,2022-06-16,324.934,spotify:track:4jWKytkjmSFmub8n5I6js6,70
4SsN1B9ZaSOFmBb4wVu1WB,We’ll Be Back,1Yox196W7bzVNZI7RBaPnf,Megadeth,2aeNfVklb5vG8aThJMIQ69,We’ll Be Back,2022-06-23,269.466,spotify:track:4SsN1B9ZaSOFmBb4wVu1WB,71
0abfUgBdb61R0gWRPGukda,Imperative,4y0ph2gWvcF21ODif4ZpZ4,Human Impact,0XRbg6MhzAtzc3eomQLN6U,Imperative,2022-05-18,355.853,spotify:track:0abfUgBdb61R0gWRPGukda,72
7ECDF5Hjoxu4NTh0VBTjVO,No More Lives To Go,3seAlZdPsUKKveZltRG7wi,Greg Puciato,6Lhqo42pxEeUI2mSNBeM1R,No More Lives To Go,2022-06-24,215.018,spotify:track:7ECDF5Hjoxu4NTh0VBTjVO,73
5DK0G2s9dY6GCJuJjDqvAM,Vitals,7K1cvWBlDmiXjsIme3egUS,ASG,2sdoSIPjpzz6SNvrLbitdO,Pyramid Wheels,2022-06-01,186.939,spotify:track:5DK0G2s9dY6GCJuJjDqvAM,74
0sFBn8hV3aGih5RROpPGCe,Conduit,0AZ3VR0YbFcS0Kgei7L2QF,Russian Circles,21ooNA9cRNsGUWdoTNLvIE,Conduit,2022-06-16,270.6,spotify:track:0sFBn8hV3aGih5RROpPGCe,75
5GJgz8jChM8AA7cSStOqjU,Choose Your Fighter,7I95CM75shzCjHuTzrepjM,Nova Twins,3HoyLFKUF2HKmYJjjFhd5s,Choose Your Fighter,2022-06-13,135.466,spotify:track:5GJgz8jChM8AA7cSStOqjU,76
2rfKSuMtNm0n1of39GYpsa,New Respect,6SBgDfIRb6IE9TrA6w8Zg6,Downset,6ASYOTjV15QAzrGu0P9upy,Maintain,2022-06-10,131.026,spotify:track:2rfKSuMtNm0n1of39GYpsa,77
0lWBvWg23xtDKqgnSnEbju,Chasms,0VvGwzlPnt4Ej4Co2RAr20,Godthrymm,0cmKZyKi3D7dXVhqpONQSQ,Chasms,2022-06-10,313.999,spotify:track:0lWBvWg23xtDKqgnSnEbju,78
0WiRLLHO9U4uE3EUPswoM6,Machina,280ynciDmBOnHdsAwrewis,The Darling Fire,5gH39umzupHUpeT71QcKXP,Machina,2022-06-03,253.413,spotify:track:0WiRLLHO9U4uE3EUPswoM6,79
4Ci4YbxW1hTUJu8xPgmnhu,Prove You Wrong,5vM2PNB3LjGceAKYvN3KI8,SPACED,4QYqD7lIc3O1Qq7tt1LlmE,Prove You Wrong,2022-06-24,113.449,spotify:track:4Ci4YbxW1hTUJu8xPgmnhu,80
2GTSVn8FHBNAru2TMitEzX,Monkey Gone To Heaven,2EwbxYWItpLOIDc3TFHve6,Gulch,4TIB7gzuoAbIu2D9jqFtoi,Monkey Gone To Heaven,2022-06-21,168.853,spotify:track:2GTSVn8FHBNAru2TMitEzX,81
5BEwDEF9Gqd9hId9VvmIXo,Mass Formation Psychosis,5sW5eR9g4kNibasfrlw4EN,Spirit Adrift,5sSiYFyk8pNt6hGk2iG6um,Mass Formation Psychosis,2022-06-24,383.386,spotify:track:5BEwDEF9Gqd9hId9VvmIXo,82
5R9ainYgGIIuAanxThrxb3,Hypocrite,3rIfGORYIxh2aBVnThX8Lo,Profiler,7hBB5kfMvjhj9CGEYeHClq,Profiler,2022-06-24,208.12,spotify:track:5R9ainYgGIIuAanxThrxb3,83
0m26uTkipnQmz8Zy2w36Fb,Dust,7m63GptZSke3jGqCxR4rom,Brutus,4xapBIrixnrQlS30rfxjVv,Dust,2022-06-28,339.58,spotify:track:0m26uTkipnQmz8Zy2w36Fb,84
6zZHRnN0ZJQJDHrzueUMA7,To Dust,6Cbs0xetz57bCUhG7wyCt7,Your Highness,1UOMse4Fj9CgpkqHsc2s57,"The Ragbag, Vol. 1",2022-06-30,336.798,spotify:track:6zZHRnN0ZJQJDHrzueUMA7,85
7ipcAFnEn92OC9weOUe0tI,Saturday City,4WfUbvICLrqPW9rzuNGS1f,Blood Command,1VrI6y38tqIwZc01YRFh2G,Praise Armageddonism,2022-07-01,249.917,spotify:track:7ipcAFnEn92OC9weOUe0tI,86
1fZ5ENuMykrc32a2XMGCA1,Last Crawl,2Ah9OuOj7B57gPD1cbwiaE,Municipal Waste,5oiOILICZyEvy5WJdkVUjS,Electrified Brain,2022-07-01,148.853,spotify:track:1fZ5ENuMykrc32a2XMGCA1,87
0w3VUj5jcl5l4rruyum9Qp,Reality Spiral,3seAlZdPsUKKveZltRG7wi,Greg Puciato,79CKi15aRuhjpUnh9ZG4D4,Mirrorcell,2022-07-01,225.823,spotify:track:0w3VUj5jcl5l4rruyum9Qp,88
0hdKP8TXMiNbYZ8iNgYqui,Dream on It,7Iej5Kqi4cLAuZZ66dGt3H,Haunt,3Eumnz6xC1KT6IcUm3f5em,Windows of Your Heart,2022-07-01,222.4,spotify:track:0hdKP8TXMiNbYZ8iNgYqui,89
00QqAF00lqx6xoSbZzUf3i,AN ITERATION (Live),4V5obzWMr7BHZrjOiQwB4K,The Armed,4myYyh7sS4hrwY19jeIIEr,AN ITERATION (Live),2022-06-21,183.693,spotify:track:00QqAF00lqx6xoSbZzUf3i,90
02JMGfxvZepmeyXI6vSJXD,Interbeing,604HhRLmc5DXNS221XKm3a,Psychonaut,1nSMsJNxzezRx787o669d5,Interbeing,2022-06-28,411.413,spotify:track:02JMGfxvZepmeyXI6vSJXD,91
67n20Htb0Pswg8SsKbleM6,Pandemonium,2S3xwpueZpPVUDTTv7Wefx,Gothminister,1HxpPXQVggdHcF4wwDoJIS,Pandemonium,2022-07-01,335.146,spotify:track:67n20Htb0Pswg8SsKbleM6,92
6Xus2QpgdcWpnLucR3LLF2,Ratcatcher,3dnH7fdVm2X07MK6Fkbhbt,Gwar,6NwSOXAwB7H3njmkrGV3eC,The New Dark Ages,2022-06-03,247.678,spotify:track:6Xus2QpgdcWpnLucR3LLF2,93
0ZejWD902XC9lfUZcYOUNc,Dying Planet,3BM0EaYmkKWuPmmHFUTQHv,Kreator,1uWrXYT7gBJ39hy4PLptnF,Hate Über Alles,2022-06-10,412.425,spotify:track:0ZejWD902XC9lfUZcYOUNc,94
4M83eUEC2CBQPgZmfvvgOU,Kompführer,2GUMNEECnuDpxlExdWs7kK,Ohyda,6JT3MgFChkdPUctxZW9yh6,Pan Bóg Spełni Wszystkie Pragnienia Lewaków... I Dojdzie Do Katastrofy!,2022-06-24,121.149,spotify:track:4M83eUEC2CBQPgZmfvvgOU,95
0glLlgNnb94hl0LNWy6p2X,Red,4jN7TcBXppAcw0mc7yn9xR,Graywave,3eGDgymJizhVlYs49cYJza,Rebirth,2022-06-24,207.162,spotify:track:0glLlgNnb94hl0LNWy6p2X,96
2LMH3Gp039cxe74lVHrREG,Black Horizon,5zOK8uzLt1fwqRSAjZSrtz,Torpedo Torpedo,7zmqnrh4gQaNcQXFncc2Se,The Kuiper Belt Mantras,2022-06-24,368.973,spotify:track:2LMH3Gp039cxe74lVHrREG,97
2NcTy7yShcXShTXvHkeFQF,Everlasting Fire,1m2KZvS9kBzKn2Z3oPaPvB,IRONFLAME,2GLd8Yj1R30EYTeqemjpwN,Where Madness Dwells,2022-07-01,278.0,spotify:track:2NcTy7yShcXShTXvHkeFQF,98
41VeGDqole3iXteljJ7oSp,Done,6Cbs0xetz57bCUhG7wyCt7,Your Highness,1UOMse4Fj9CgpkqHsc2s57,"The Ragbag, Vol. 1",2022-06-30,328.406,spotify:track:41VeGDqole3iXteljJ7oSp,99
2iMp5vCpSGwKpNdNiHQBov,Preachers,7dEx5Gii91YpvTOzrrvx5L,Petrol Girls,3QUnWPhBPq5FRG3H2gcPat,Baby,2022-06-24,186.2,spotify:track:2iMp5vCpSGwKpNdNiHQBov,100
1DvWXKEOUVx6Uueskk1dYw,I Just Want That Movie Ending,4WfUbvICLrqPW9rzuNGS1f,Blood Command,1VrI6y38tqIwZc01YRFh2G,Praise Armageddonism,2022-07-01,270.225,spotify:track:1DvWXKEOUVx6Uueskk1dYw,101
6MTU028XXsHteIsOt7mZYk,Someday I Suppose,6q4AmzK3GzCuEzkurnYuEQ,Drug Church,1TPl6PVlGQupN649FEReG1,"Dead Formats, Vol. 1",2022-07-05,210.111,spotify:track:6MTU028XXsHteIsOt7mZYk,102
6vcHKWopK07LS88BRO7qzQ,Shine On,6VDAPUov4yNDHyQlPqrpNH,The Dead Daisies,6UqHgUnm9v6EoaJhduSkmt,Shine On,2022-07-08,178.873,spotify:track:6vcHKWopK07LS88BRO7qzQ,103
087i47b4UAiA3Z3hfrP8qL,Joyride,781vvvQYKgDjg3i90b7vtV,Bad Breeding,50e9l0RpAg583vCVlUsCOm,Human Capital,2022-07-08,194.566,spotify:track:087i47b4UAiA3Z3hfrP8qL,104
0NqCZswvyo6kIHxX7nPxcZ,Tie It Up,6Cbs0xetz57bCUhG7wyCt7,Your Highness,1UOMse4Fj9CgpkqHsc2s57,"The Ragbag, Vol. 1",2022-06-30,286.831,spotify:track:0NqCZswvyo6kIHxX7nPxcZ,105
3fOrFHjnCPvpS8wwQRfTwk,Frozen in Time,7Iej5Kqi4cLAuZZ66dGt3H,Haunt,3Eumnz6xC1KT6IcUm3f5em,Windows of Your Heart,2022-07-01,249.23,spotify:track:3fOrFHjnCPvpS8wwQRfTwk,106
0GtNkcqudVmL2ITZWFuhyz,Paranormal Janitor,2Ah9OuOj7B57gPD1cbwiaE,Municipal Waste,5oiOILICZyEvy5WJdkVUjS,Electrified Brain,2022-07-01,175.853,spotify:track:0GtNkcqudVmL2ITZWFuhyz,107
5tYItsVvbL725lggjgKH4j,Submarine,16fltNcwTM5V9rnxIlcha4,Voyager,3kayBq4sKx4FGpEpNlffF5,Submarine,2022-07-14,283.545,spotify:track:5tYItsVvbL725lggjgKH4j,108
2r99wUvCSzD3FntHAhaB9o,Tides of Change,7KwTOgmCktKmZoWfe3vUsF,Telekinetic Yeti,0WLSGFPnaW8nXyHmi8PhIq,Primordial,2022-07-08,168.344,spotify:track:2r99wUvCSzD3FntHAhaB9o,109
0fU9H6KTGKtthrZZ5AHjZ1,Point of View,5vM2PNB3LjGceAKYvN3KI8,SPACED,3JcTBkIo5IvXcynwij8AOt,Spaced Jams,2022-07-22,121.131,spotify:track:0fU9H6KTGKtthrZZ5AHjZ1,110
5BDcGkq3HoyvgvbMDnzCN5,Betrayal,0AZ3VR0YbFcS0Kgei7L2QF,Russian Circles,0EYPOzgnCNRp2Z95AZtyMf,Betrayal,2022-07-13,319.56,spotify:track:5BDcGkq3HoyvgvbMDnzCN5,111
27uMsh4uGnICXv12WQd4fN,Night Stalkers,1Yox196W7bzVNZI7RBaPnf,Megadeth,7E23y6lreAy6VWsxTnFx4s,Night Stalkers / We’ll Be Back,2022-07-22,398.253,spotify:track:27uMsh4uGnICXv12WQd4fN,112
61mweqFLgaV6A6gP4LwK6Q,1975,6XIJivrO9KEaxh6bKai91s,Psychlona,4ESgefAeBOICZDbh51QzxF,1975,2022-06-25,363.705,spotify:track:61mweqFLgaV6A6gP4LwK6Q,113
0f8Pt4d2M5MVdrg5PWRAQW,Degradation Rules (feat. Tony Iommi),6ZLTlhejhndI4Rh53vYhrY,Ozzy Osbourne,7KlSuUcCKAJlrzWESm9jjq,Degradation Rules (feat. Tony Iommi),2022-07-22,250.274,spotify:track:0f8Pt4d2M5MVdrg5PWRAQW,114
5z0Y6jwTDwH6YbhH0DLWRR,Dreamkiller,5rASExwQQilVMuKmaOV2eW,Sumerlands,7p3f8b0cCBnrHmP7VpGZgw,Dreamkiller,2022-07-19,311.07,spotify:track:5z0Y6jwTDwH6YbhH0DLWRR,115
6NLD3NrIUFALVqIK5VZgP6,Reign of Error,5o7MNRaQrt87SwYWxHEZvN,Dead Cross,4xaUhkUdiuUKb4aqIZPSOd,Reign of Error,2022-07-19,105.386,spotify:track:6NLD3NrIUFALVqIK5VZgP6,116
5p61JWK78nkyZO9JLUhhDf,Survival Is Vengeance,2Tl7uZui4u9a3nXUM9VMei,Mindforce,6N1U0MdbQfOx98lWV3Xjgh,Survival Is Vengeance,2022-07-22,105.253,spotify:track:5p61JWK78nkyZO9JLUhhDf,117
2xyeWOhbVAHCvFlpsmE0KD,Be My Death Cult,6mPxn8ImLflIQ8bYihQMFp,Calabrese,7qyO8Ty9g7rFDNkZTnuouZ,Death Cult,2022-06-17,181.954,spotify:track:2xyeWOhbVAHCvFlpsmE0KD,118
4BgseHlXIOziSWxWUx2vIh,Post Truth,39L1UR8o0EVispUHJPJL9s,Light Creates Shadow,6lHfg1GVQ5DsdXRpz6AwVN,"Ghosts Pass Through, Running from the Body",2022-07-01,285.173,spotify:track:4BgseHlXIOziSWxWUx2vIh,119
2BSNIBEQvEr8bxUwWToucS,Ziggurats Of Mesopotamia,1kVyqlhXybTF1PixOp5stJ,Scum of the Earth,12tZdYkPG8TJDi9DgmNNIC,Ziggurats Of Mesopotamia,2022-07-15,213.185,spotify:track:2BSNIBEQvEr8bxUwWToucS,120
17nKnxVj41yor7EalD5iLh,Pass the Glue,1Sk45af6ymdv4nyw3ca6f4,Child Bite,33kyU2rwnlqjaHrDwrAxmf,Split,2022-07-01,117.241,spotify:track:17nKnxVj41yor7EalD5iLh,121
6b1sFOKgciua6WIs3mbpFt,Erect For Dystopia,1Sk45af6ymdv4nyw3ca6f4,Child Bite,33kyU2rwnlqjaHrDwrAxmf,Split,2022-07-01,287.253,spotify:track:6b1sFOKgciua6WIs3mbpFt,122
6rja7VgxU5aB2Wv0uFVRfV,Addicted to Violence,6hwtkhYiDooPPfKqzumCkb,Hell Fire,3xYUHRdFCq1f5tgqmpKi7u,Addicted to Violence,2022-07-14,165.404,spotify:track:6rja7VgxU5aB2Wv0uFVRfV,123
2xunrCLt1MnQsAOl6Vtw9t,Pandemonium,4MfQTKjLQSOdiYCiYGGg11,Tad Morose,32N00EOnIoq7Y83lsoxy7I,Pandemonium,2022-07-08,206.0,spotify:track:2xunrCLt1MnQsAOl6Vtw9t,124
5Lfy4ryUwvqRpzGrx4taqh,The Last The Worst,00sR4GlQWcupTgTlsZb0hK,Bring Her,6rwrX6VbnpzfaL4LaY8cNJ,The Last The Worst,2022-07-06,218.393,spotify:track:5Lfy4ryUwvqRpzGrx4taqh,125
0dMUo4CtkROEeMpQQSAPBh,The Bite,2Ah9OuOj7B57gPD1cbwiaE,Municipal Waste,5oiOILICZyEvy5WJdkVUjS,Electrified Brain,2022-07-01,97.626,spotify:track:0dMUo4CtkROEeMpQQSAPBh,126
4f4nryJRvFpMBj1BWgi9N8,Most Severe Crisis,32k6gzIWWn2zDaw9pIj79q,Wizzo,7l8K8DpFRBigBVZbVqVaBO,Most Severe Crisis,2022-06-30,289.519,spotify:track:4f4nryJRvFpMBj1BWgi9N8,127
5avlFwDzrwX8CsaQhV48Pk,Liar,7m63GptZSke3jGqCxR4rom,Brutus,1z2giKWclhg42asnKXqQ25,Liar,2022-07-28,202.871,spotify:track:5avlFwDzrwX8CsaQhV48Pk,128
6sSsHJYK1XRwFB0tLPVqmr,Strix,05C3EDw4Rf0qMhrdjFKncL,Fucked Up,5LMUkxYGYSSLcysFf9XKTL,Strix,2022-07-26,275.737,spotify:track:6sSsHJYK1XRwFB0tLPVqmr,129
0g2kZvRKJ2AZfUmqR6eCGZ,Ann,0mL6LBSQ4bHe6hWq90KzHL,Tropical Fuck Storm,1TKU3jbLcpXbTx9OqjGejM,Ann,2022-07-27,244.877,spotify:track:0g2kZvRKJ2AZfUmqR6eCGZ,130
5jCW9BOUz7BLeYAzRGvVbc,Embattled,2qD61usRMV5pB6jAbSSXxi,Ripper,1R8SKK7esV5NenpImiTzdg,Embattled,2022-07-29,191.226,spotify:track:5jCW9BOUz7BLeYAzRGvVbc,131
0o8Xw4191deB1avQuTks6O,Lonesome Preacher,1GSmsJITQDQPCWswHKyjJp,Sons of Arrakis,4r6EUDKBUKy16sK4osdZmZ,Volume I,2022-07-15,313.875,spotify:track:0o8Xw4191deB1avQuTks6O,132
3DuLPXGfitlDkbeih34CI2,Gears of Violent Endurance,1U01xfNaiw3TkOeyGKXwi1,Dreadnought,6cO4sH08XZouZ6L3wrKFtr,Gears of Violent Endurance,2022-07-27,369.786,spotify:track:3DuLPXGfitlDkbeih34CI2,133
6djR6pKy0D2EKluq4zCbHf,Think I Am,5vM2PNB3LjGceAKYvN3KI8,SPACED,3JcTBkIo5IvXcynwij8AOt,Spaced Jams,2022-07-22,118.213,spotify:track:6djR6pKy0D2EKluq4zCbHf,134
6VfUPVXnhF0OQSbcKbna4Z,War Above Los Angeles,4fY9hRf8gHMOszNWFhR1wB,OFF!,1zgoklkeNAjPJi7wPcA5qu,War Above Los Angeles,2022-07-27,175.453,spotify:track:6VfUPVXnhF0OQSbcKbna4Z,135
0dxoTbrd3XuSYBKNDT9FWI,Bright Eyes,0qsMpawuC9W6kQlbu1mbo1,Frayle,2FJDelA9y7OpzEACstgX1v,Bright Eyes,2022-07-29,277.379,spotify:track:0dxoTbrd3XuSYBKNDT9FWI,136
35KDYn5hQI4xuTvCJ5ZrdY,Heavy Skies,0qFMmMruAlPCHzJWAvOptL,Formation Ritual,79fKcr1vV7kkenb19l3mlT,Heavy Skies,2022-06-24,226.613,spotify:track:35KDYn5hQI4xuTvCJ5ZrdY,137
5khT8kcxP7OAvjCEWXkQs3,Stoneclad,1ayXXjKQpR8mVckS8Ym35I,Ketha,54SeUAaJcjgPJzDDUH6rxd,Stoneclad,2022-05-24,332.629,spotify:track:5khT8kcxP7OAvjCEWXkQs3,138
6S2dpuw8sh5DFongRQauUi,Live to Suffer,4x8y8i7a2jC5QVtNGTRn9i,Early Moods,5kxOks7J5KpSTCEv7afrYd,Early Moods,2022-08-05,264.28,spotify:track:6S2dpuw8sh5DFongRQauUi,139
1cBB1DDdDwwKkORtJKCCbO,Sunday Morning Ceremony,2e1J5JQpROgSuT7RcsUbZ2,Wailin' Storms,0ogDvvsaHX1aOsNn7Rl0w6,The Silver Snake Unfolds,2022-07-22,290.276,spotify:track:1cBB1DDdDwwKkORtJKCCbO,140
1fob4CISofwxucGAjaXI14,Give It Up,3tn79LMMIdIT1T0TXumjaH,King's X,2JfYe3kVt5Q9euIFJOvAUx,Give It Up,2022-07-27,179.959,spotify:track:1fob4CISofwxucGAjaXI14,141
2ZC3hCQz3DLNpP2Dymo9U3,Tainted Blood,7M4PCSo5DDasGginrPHSDd,H.E.A.T,2EoVauMgKuvpjypctFDivM,Force Majeure,2022-08-05,229.84,spotify:track:2ZC3hCQz3DLNpP2Dymo9U3,142
2vJ6U9JVqYf59yaAyS25z9,Blackfire,0fpuZdOJCzqm7Vyg9eUzjO,Raptore,394YUCEdUPkwgiDVXBVYRj,Blackfire,2022-07-29,264.928,spotify:track:2vJ6U9JVqYf59yaAyS25z9,143
2pkCq8RDS0QxLJt07jl2gc,Vaster Empires,2i1pwiHsoPzbnD74nnRZ2T,Savage Master,7KkyNfJqxOgzxCfmzYuLhi,Those Who Hunt At Night,2022-08-05,215.956,spotify:track:2pkCq8RDS0QxLJt07jl2gc,144
0pPNiIxCIqVexxmHBWHT23,The Quest and the Curse,6pIRdCtSE5hLFfIfcTAicI,Delain,3YRZ0mvJUhVAzVFMkSpV9b,The Quest and the Curse,2022-08-09,297.244,spotify:track:0pPNiIxCIqVexxmHBWHT23,145
5zZWLKQAkvLdjcP6pGR5d2,Medieval Cowboys,6hwtkhYiDooPPfKqzumCkb,Hell Fire,4FUe9n7JVXnQVqhuDHsYgo,Medieval Cowboys,2022-06-21,201.573,spotify:track:5zZWLKQAkvLdjcP6pGR5d2,146
14heMNFF7hWAnsNf0EcD71,La Tolvanera,6XIJivrO9KEaxh6bKai91s,Psychlona,2Sxxb6sfKnhOA35w5UNBrj,La Tolvanera,2022-08-02,329.693,spotify:track:14heMNFF7hWAnsNf0EcD71,147
2t5NYzZgq3cf7ck9Eg51ZQ,Handshake with Hell,0DCw6lHkzh9t7f8Hb4Z0Sx,Arch Enemy,0NGaiN3rXHa54qJwqzLJLV,Handshake with Hell,2022-02-04,338.96,spotify:track:2t5NYzZgq3cf7ck9Eg51ZQ,148
5a6VEGwYR8xM6daWuhml9j,Church Burns,6yCjbLFZ9qAnWfsy9ujm5Y,Zeal & Ardor,6Ox5BbUgNycErk1kekWaMB,Church Burns,2022-01-20,183.773,spotify:track:5a6VEGwYR8xM6daWuhml9j,149
5MIHYD2WUOjCNkqOzB7Vi0,Fall From Grace,6yv0Vd63iiAaW4665Cs9vT,Higher Power,5hdLUzCRY0TJ9tEzVWtjuG,Fall From Grace,2021-12-17,228.451,spotify:track:5MIHYD2WUOjCNkqOzB7Vi0,150
1Lj81yk8FI4ahCBCbRYf4M,Slowly Separate,5LFuHlM7fW3xnIyBsDrGfn,Crows,1V4Jy2vEzGQwwJ9D34kJsr,Room 156,2022-02-10,221.12,spotify:track:1Lj81yk8FI4ahCBCbRYf4M,151
27JXhyUWlOqreoGDD8u0sI,Polluted Temples,2xUmefxyMwfA7zH0Y3oBst,Dark Meditation,1ec2PjIHwKJx9ThhNPa8En,Polluted Temples,2022-01-28,248.626,spotify:track:27JXhyUWlOqreoGDD8u0sI,152
5ilGBMPBIcUZVK7rwHzf9j,Free from My Vessel,2kURoJKCJq9pF8gq7MItQd,Ritual Earth,2ZHALAvuXiCb2oaBJPllna,Free from My Vessel,2022-01-14,285.895,spotify:track:5ilGBMPBIcUZVK7rwHzf9j,153
6vFfPWSiPns5fKsXQ62wiR,Dark Horse,6vFinMN4E9leUfcEyIIO0D,Messa,3YL5TZyHgh1NJ7KnhjlEnz,Dark Horse,2022-01-14,448.773,spotify:track:6vFfPWSiPns5fKsXQ62wiR,154
7B9sLxD2PgVhabAxGqC2wE,The Harvest,144tOsApwFr8IORHSxLqLq,Mammoth Weed Wizard Bastard,6qDMrkGfXFewoeTQqvqLDn,The Harvest,2022-01-20,550.233,spotify:track:7B9sLxD2PgVhabAxGqC2wE,155
7b5vWEPwabOfDTnBxBsVM0,Someday I Will Bask in the Sun,7oTWrSAsrqQnBE1LRUBZPE,SRSQ,4YP6eoAWSwOKmTngAAj2iS,Someday I Will Bask in the Sun,2022-01-12,252.389,spotify:track:7b5vWEPwabOfDTnBxBsVM0,156
2qlBuPhhaeO1QIAyPjwtrU,Big Moon Lake,2NWimAynlyqVUWD4YnJHlC,LIFE,2upoEnydOlq3ZKPTLIqRrX,Big Moon Lake,2022-03-01,194.986,spotify:track:2qlBuPhhaeO1QIAyPjwtrU,157
70cEInvJETiTqFyC07xCQW,Big Feeling,0fZw5PbTBlsdSwOOWi0seo,Crescent Ridge,2qt4S4ux0WxstDmKArDJEG,Big Feeling,2022-04-20,176.005,spotify:track:70cEInvJETiTqFyC07xCQW,158
5KhJLkUtizEL6wsWqLgh8t,Hell For Leather,7Bx9VStBpX6LTNVU67dI0d,Future Suck,0ZJEQQOuuTCPHOMqiRl4N1,Simulation,2022-08-05,119.217,spotify:track:5KhJLkUtizEL6wsWqLgh8t,159
5GbyW6BfkDFasyyZlLgsL7,Edge of the Knife,5rASExwQQilVMuKmaOV2eW,Sumerlands,7cfG0Vsp7igYjX0fkl7n89,Edge of the Knife,2022-08-11,251.383,spotify:track:5GbyW6BfkDFasyyZlLgsL7,160
7bAfzSdY9tDQsQwo2FbLOz,Nylon Nights,0X41IVISCoYgYWT2PsfqoC,SONJA,3UHwckTPMq6RvHwJcEDRHe,Nylon Nights,2022-08-12,274.573,spotify:track:7bAfzSdY9tDQsQwo2FbLOz,161
3fD70CkCeR4i6zX87iiZbe,You're so Hideous,6Cvzf33JDzCIw2eJU8npQo,Wednesday 13,3nLPmnIpHWJeL2tMGwffOb,You're so Hideous,2022-08-10,187.303,spotify:track:3fD70CkCeR4i6zX87iiZbe,162
3QVMW5G9ieQrPdqWa5wKu7,Curse the Light,4x8y8i7a2jC5QVtNGTRn9i,Early Moods,5kxOks7J5KpSTCEv7afrYd,Early Moods,2022-08-05,318.918,spotify:track:3QVMW5G9ieQrPdqWa5wKu7,163
4MGodLomc6dfUYl4yq1AOX,Complete Obliteration,1GSmsJITQDQPCWswHKyjJp,Sons of Arrakis,4r6EUDKBUKy16sK4osdZmZ,Volume I,2022-07-15,241.758,spotify:track:4MGodLomc6dfUYl4yq1AOX,164
1PZnKVtZY47hMtJlr88QzY,Hypnotize Yourself,6VDAPUov4yNDHyQlPqrpNH,The Dead Daisies,0YMUX56lgGtAgguri0CNyJ,Hypnotize Yourself,2022-08-05,229.383,spotify:track:1PZnKVtZY47hMtJlr88QzY,165
7wwFeAgaC2pGqJaTuCVFAw,The Watcher,0DCw6lHkzh9t7f8Hb4Z0Sx,Arch Enemy,0UWT0SwOzXkR9IVbz0GNuo,Deceivers,2022-08-12,298.0,spotify:track:7wwFeAgaC2pGqJaTuCVFAw,166
235JgEE02sQBj3H0XewMxM,Toke Wizard,7KwTOgmCktKmZoWfe3vUsF,Telekinetic Yeti,0WLSGFPnaW8nXyHmi8PhIq,Primordial,2022-07-08,279.754,spotify:track:235JgEE02sQBj3H0XewMxM,167
7ztz37uMYOqUbYDVo0TdVw,Animalistic,7JGoXMYBPyLNwcQwc2N2Tu,Nordic Union,0Ebk9fi0BBtqKbMwQpG61n,Animalistic,2022-08-12,260.359,spotify:track:7ztz37uMYOqUbYDVo0TdVw,168
2HBwuI4x68gn2DFmkXlhMb,Gimme the Power,4m8VJIWL1kqD6AUfp3XWNB,Beverly Crusher,69S1IwQcBDQD5wAUKctlvX,Waste of Waves,2022-08-12,199.9,spotify:track:2HBwuI4x68gn2DFmkXlhMb,169
0hr3HFFGpKl6qceHkgjQpT,Escape,5sW5eR9g4kNibasfrlw4EN,Spirit Adrift,2ZcnlqVOsNIFTgzomaK2EJ,20 Centuries Gone,2022-08-19,268.613,spotify:track:0hr3HFFGpKl6qceHkgjQpT,170
0DV3MCoDu2VwidCvp1t6R3,Gimme Some Truth,4us4NMG5wuqdUZvthZrj0Q,Militarie Gun,3E0oXQ0iTRJBffq81PEWDs,Gimme Some Truth,2022-07-26,215.768,spotify:track:0DV3MCoDu2VwidCvp1t6R3,171
52reYrkR8j0HF5HKe6GaXw,Hollow,5sW5eR9g4kNibasfrlw4EN,Spirit Adrift,2ZcnlqVOsNIFTgzomaK2EJ,20 Centuries Gone,2022-08-19,355.28,spotify:track:52reYrkR8j0HF5HKe6GaXw,172
3LAbGPrmPzai9ksrmwc880,Death,0fpuZdOJCzqm7Vyg9eUzjO,Raptore,394YUCEdUPkwgiDVXBVYRj,Blackfire,2022-07-29,253.857,spotify:track:3LAbGPrmPzai9ksrmwc880,173
67ZMRuhQGKyEx0Kd517Wu9,Hunt at Night,2i1pwiHsoPzbnD74nnRZ2T,Savage Master,7KkyNfJqxOgzxCfmzYuLhi,Those Who Hunt At Night,2022-08-05,205.85,spotify:track:67ZMRuhQGKyEx0Kd517Wu9,174
3MDxdwZFpIOhcj5xz9IdYB,Heart Reformer,5o7MNRaQrt87SwYWxHEZvN,Dead Cross,7g2py2rFYTqlfFJ6n4jDBf,Heart Reformer,2022-08-24,206.346,spotify:track:3MDxdwZFpIOhcj5xz9IdYB,175
0DfUFmR3IAi6qqXyStk0y9,Kingdom,2HmtB6wVRRi3z0JwZHtkiD,Enslaved,0YWKSnXJ6VUlc0rCGdfmZW,Kingdom,2022-08-25,351.88,spotify:track:0DfUFmR3IAi6qqXyStk0y9,176
5TP4WploHY4P35bEMLTjCy,Future Imperfect,5mAMrrslgx4pi9PetOcGHg,Judy and the Jerks,3Np3la61I32SP5CutgxXd2,Music to Go Nuts,2022-08-01,136.876,spotify:track:5TP4WploHY4P35bEMLTjCy,177
24yldSMrr0gf7P3VOHMrrj,Tiger's Pit,29Wmfm1CojrjQ3aQP0FI65,All Them Witches,3hD6RVyoklbju3N8HTND4t,Tiger's Pit,2022-08-26,295.626,spotify:track:24yldSMrr0gf7P3VOHMrrj,178
4eB3zRK5tIQj8obRT2ux2c,Words Fail,2Tl7uZui4u9a3nXUM9VMei,Mindforce,5vKiKQXUrAudV0tY61l8G7,Words Fail,2022-08-22,96.573,spotify:track:4eB3zRK5tIQj8obRT2ux2c,179
3uQfJFttWdYibgYPVisTr1,Coming of the Tide,0qFMmMruAlPCHzJWAvOptL,Formation Ritual,30lbyvPe6GwY8xvtXfN3Ga,The Shifting Dust,2022-07-08,299.813,spotify:track:3uQfJFttWdYibgYPVisTr1,180
0w0GXcmgDZHYiTcd0HqXSy,Welcome to the Jungle,45MvWoWLKlKglPHeKiVlJY,Edge Of Paradise,0JnizBXe67mqWIW3Sg1bH5,Welcome to the Jungle,2022-08-22,274.921,spotify:track:0w0GXcmgDZHYiTcd0HqXSy,181
15oDg74UjY87Od4kR60Ah9,Bent Rib,2MUKaa8eaR56ajPImoyy3x,Draagyn,7Map1emBBnHQF5U9Ye80iJ,Bent Rib,2022-08-26,261.812,spotify:track:15oDg74UjY87Od4kR60Ah9,182
3eXKOoKn5YdG9FZ6uXd3Ef,Moonpeople,6uejjWIOshliv2Ho0OJAQN,Devin Townsend,23q77vjYHFB3PVUVvX0CXc,Moonpeople,2022-08-26,283.987,spotify:track:3eXKOoKn5YdG9FZ6uXd3Ef,183
2HZLXBOnaSRhXStMLrq9fD,Mary On A Cross,1Qp56T7n950O3EGMsSl81D,Ghost,6eOWfFjfBPRsAW0ZS4sbaF,Seven Inches Of Satanic Panic,2019-09-13,244.804,spotify:track:2HZLXBOnaSRhXStMLrq9fD,184
12OIy70245yWU0r2cqkNWm,Waiting for an Alibi,5sW5eR9g4kNibasfrlw4EN,Spirit Adrift,2ZcnlqVOsNIFTgzomaK2EJ,20 Centuries Gone,2022-08-19,210.573,spotify:track:12OIy70245yWU0r2cqkNWm,185
18np3mLcrafFVaydqTNRAV,Sì-XIV,1isrot4GGRmnqFT2vMAa5q,Dvne,4rqMk0bj9vhmLSgrpQ0fTY,Etemen Ænka,2021-03-19,382.866,spotify:track:18np3mLcrafFVaydqTNRAV,186
5I8sG9fzdJMAm4e3B0rxDL,Coil,7kHzfxMLtVHHb523s43rY1,Converge,4rEDzWnp2RoNzSx8DjO7gY,Bloodmoon: I,2021-11-19,368.453,spotify:track:5I8sG9fzdJMAm4e3B0rxDL,187
4UGZZDdrDxWTRrJJJNzCaQ,Celestial Blues,4C20AUsp5T2VNHmzSTSzYn,King Woman,3OKcePcXMmswbp5BOKIMWH,Celestial Blues,2021-07-30,276.54,spotify:track:4UGZZDdrDxWTRrJJJNzCaQ,188
2rX97r2QjIXxHYjLAcGpSZ,The Beachland Ballroom,75mafsNqNE1WSEVxIKuY5C,IDLES,27ygqCfb4dXQ3jyXnC58FU,CRAWLER,2021-11-12,240.973,spotify:track:2rX97r2QjIXxHYjLAcGpSZ,189
6VT4rMVsZ1yBYw5adzGCrI,And Shine On,6FMByiXYyVWCsnfRz08wO3,Grayceon,7DUsXt54xkqHd1rLUboMDS,Mothers Weavers Vultures,2020-12-18,227.538,spotify:track:6VT4rMVsZ1yBYw5adzGCrI,190
4GEzRvnkS7dSevPoXrYXyg,Erase,6yCjbLFZ9qAnWfsy9ujm5Y,Zeal & Ardor,4b0VXZTRkHPyFWZVcEqt1k,Golden Liar,2021-12-01,241.96,spotify:track:4GEzRvnkS7dSevPoXrYXyg,191
47RRcu032tugUTX8i6OGlt,Sickle and Peace,1Dvfqq39HxvCJ3GvfeIFuT,Mastodon,5xnZl7sdxxIb4rkDcbD4IC,Hushed and Grim,2021-10-29,377.695,spotify:track:47RRcu032tugUTX8i6OGlt,192
0IANYzXsQO9wAzpbNucI49,No Song,1fPlNcA88PnTHeLk7k57UJ,Maggot Heart,5GGKI0xaMNToz0idJ6Vyw8,Maggot Heart & Okkultokrati,2021-09-24,419.445,spotify:track:0IANYzXsQO9wAzpbNucI49,193
0svFlmFdw4sxlJzsLTXeTo,Pushing the Tides,1Dvfqq39HxvCJ3GvfeIFuT,Mastodon,5xnZl7sdxxIb4rkDcbD4IC,Hushed and Grim,2021-10-29,209.932,spotify:track:0svFlmFdw4sxlJzsLTXeTo,194
0cMXOqMpNtcPCqe2Q7Yp0b,Brighten,5HUFo8AH9ZILmlyKFfEMNP,Jerry Cantrell,4G14ImdbfLm9adBZfNuMjg,Brighten,2021-10-29,285.842,spotify:track:0cMXOqMpNtcPCqe2Q7Yp0b,195
7upWfheCmL8jTqz7CWmJtN,Blood Moon,1sqhjuVTTvRPp0NkVgMfSw,TOWER,10GgmANkZOLHvnBppm3TmO,Shock to the System,2021-11-12,192.705,spotify:track:7upWfheCmL8jTqz7CWmJtN,196
0POld3ToQsiO3tL4tfQBno,Crucifix (I Burn for You),4fqjeVEalB6iB3BhKu5HwZ,Lucifer,0IVV4hXH65maHm70S4oC5V,Lucifer IV,2021-10-29,231.266,spotify:track:0POld3ToQsiO3tL4tfQBno,197
1NYiJ5zL3YdPaZokaipMLW,Bow,6yCjbLFZ9qAnWfsy9ujm5Y,Zeal & Ardor,2pRGYMut6CgaMXKlAFnlLd,Bow,2021-09-01,133.786,spotify:track:1NYiJ5zL3YdPaZokaipMLW,198
262BHLpWNz3mZoLLRZoyQV,Locust Laced,59pWgeY26Q6yJy37QvJflh,Sleigh Bells,0aBClhSfDETc2xeaJEI08B,Texis,2021-09-10,150.946,spotify:track:262BHLpWNz3mZoLLRZoyQV,199
5iXnD2VizcAbErpkcuNQ6I,MYSTERY,2qnpHrOzdmOo1S4ox3j17x,Turnstile,2NrYPcMmQBlbBxopc2XlzS,GLOW ON,2021-08-27,155.199,spotify:track:5iXnD2VizcAbErpkcuNQ6I,200
3aPfWdoPWmx1bhjvSyd6bB,(This is) The Night,1vKXAkXBGSbjgGcOPYLI6j,Årabrot,250c4E9Zot28XDVbUDbnyO,Norwegian Gothic,2021-04-09,169.786,spotify:track:3aPfWdoPWmx1bhjvSyd6bB,201
3ijMJP5bFExYxg7PHMX2iV,Zera Azazel,5dPECrYzcJH968JAZZyhYY,Midnight Peacocks,0fCleOhbHbvkt9wPp08Jme,Zera Azazel,2021-08-31,326.52,spotify:track:3ijMJP5bFExYxg7PHMX2iV,202
3WC0gsMu6HYTolvlsCEFKF,Blackened - Remastered,2ye2Wgw4gimLv2eAKyk1NB,Metallica,2bKDte0I4SceROjBMtYtKV,…And Justice for All (Remastered Deluxe Box Set),1988-08-25,402.143,spotify:track:3WC0gsMu6HYTolvlsCEFKF,203
7lQeIeQFcqPnJpGICPBX1y,Night City Aliens,4V5obzWMr7BHZrjOiQwB4K,The Armed,4IzV5XnSOvOBZ2z9WKsi3W,"Cyberpunk 2077: Radio, Vol. 1 (Original Soundtrack)",2020-12-11,204.74,spotify:track:7lQeIeQFcqPnJpGICPBX1y,204
6u0vyETd4P1qIfggu3e2sU,Car Crash,75mafsNqNE1WSEVxIKuY5C,IDLES,27ygqCfb4dXQ3jyXnC58FU,CRAWLER,2021-11-12,233.626,spotify:track:6u0vyETd4P1qIfggu3e2sU,205
2Ilz2qZp9D3O1qlbxW4azz,Sundowner,091cSUyhQCRgJreqXy17m5,Four Stroke Baron,35v264N4fiM74c9ABTquX8,Classics,2021-10-01,262.889,spotify:track:2Ilz2qZp9D3O1qlbxW4azz,206
5Jw4HtXywSdnHdIh5o3LAL,The Weary,3X0a18Q9nluwuFYv5hB5cm,Monolord,3taiJZBdUo9DlOwQbLXsCc,The Weary,2021-09-14,298.12,spotify:track:5Jw4HtXywSdnHdIh5o3LAL,207
5qv8nLNpGt3f68J1oiT5Rz,Psychic Wound,4C20AUsp5T2VNHmzSTSzYn,King Woman,03WX9IwPuTfVUwUxUlewvJ,Boghz,2021-07-14,200.387,spotify:track:5qv8nLNpGt3f68J1oiT5Rz,208
4p0Nwk4hlTXVWkr2VbMnQn,Mediator,7o6cOczXTB8ioTAAJTbESf,Jinjer,3NOpoTYuP7K75MEGX69pRg,Mediator,2021-07-28,269.925,spotify:track:4p0Nwk4hlTXVWkr2VbMnQn,209
7M9wvzlpJroGzp0nRQ6vVV,Coil,4C20AUsp5T2VNHmzSTSzYn,King Woman,3OKcePcXMmswbp5BOKIMWH,Celestial Blues,2021-07-30,181.094,spotify:track:7M9wvzlpJroGzp0nRQ6vVV,210
5q27nrllASEcgP0wt0oNwd,Bacia das Almas,0Ubo1fKmsKmf8A8D2kh16r,Papangu,5KWddjnglQLxqJ9Fc8sRCN,Holoceno,2021-06-25,336.053,spotify:track:5q27nrllASEcgP0wt0oNwd,211
69tcyH9SteqTcaLKudP739,Wake Up,5sW5eR9g4kNibasfrlw4EN,Spirit Adrift,4o62AvqMHVAnAjmmWWwWHf,Wake Up,2021-08-06,327.786,spotify:track:69tcyH9SteqTcaLKudP739,212
610vVWL0Jy4LmPspgl3nDa,Thunder Over London,7h0muodpQ1q5o3RajwownN,Gama Bomb,3mdLVcGzpqYJ35FtTkx4jS,Thunder Over London,2021-08-06,210.813,spotify:track:610vVWL0Jy4LmPspgl3nDa,213
10zoA5eCYTtO6s2fvOg4ZF,Šibensko Powerhouse,1zeT022vOyMGqBCTSs9qiI,JOHN (TIMESTWO),5eOuVRAkafRTaOO12PGolR,Šibensko Powerhouse,2021-08-04,170.188,spotify:track:10zoA5eCYTtO6s2fvOg4ZF,214
69tcyH9SteqTcaLKudP739,Wake Up,5sW5eR9g4kNibasfrlw4EN,Spirit Adrift,4o62AvqMHVAnAjmmWWwWHf,Wake Up,2021-08-06,327.786,spotify:track:69tcyH9SteqTcaLKudP739,215
6EJ0zG2Ln0dZ351WwhduUQ,Atone,5HUFo8AH9ZILmlyKFfEMNP,Jerry Cantrell,1iSzJwmU2H3KZrCcnxLKqr,Atone,2021-07-30,253.575,spotify:track:6EJ0zG2Ln0dZ351WwhduUQ,216
3hSmHunIzWgsuzFlMAF2vX,Reaper's Scythe,2MIoyDjdxCUdnV59UqbJGk,Green Lung,1EHahHKqAiJXFM3wlj3qG1,Reaper's Scythe,2021-07-30,263.093,spotify:track:3hSmHunIzWgsuzFlMAF2vX,217
72qxjzmZRP3JfwwpTHsIu0,Akinesia,3EcmhzfSBJJDtEVCdmVg9N,Deathsomnia,4UTHIs2lRWHthvsgkRi716,Akinesia,2021-08-04,212.671,spotify:track:72qxjzmZRP3JfwwpTHsIu0,218
3xktHOVxDZqnfzd5J7YqmA,Sundowner,091cSUyhQCRgJreqXy17m5,Four Stroke Baron,5AG9QH3YQSsr2lNO0tYiTK,Sundowner,2021-08-11,262.889,spotify:track:3xktHOVxDZqnfzd5J7YqmA,219
24ixy3sMZTkXg5rSWrdziZ,A Secret Garden,7fRtbrVBXuRjfpdyEiOBRK,Craneium,3fcyPqnuEqw7b2ysWADkAW,A Secret Garden,2021-05-21,277.909,spotify:track:24ixy3sMZTkXg5rSWrdziZ,220
1hhvwDhCFN6cB7Ga5KLV9k,Crack a Smile,3HUD6tXPRpqbXIBqJMdNCR,LURK,29kyGKjzeisWevhLjPpKfP,Crack a Smile,2021-07-07,169.377,spotify:track:1hhvwDhCFN6cB7Ga5KLV9k,221
6NxprEWKLgokUfp0wCHDdw,Good Trouble,1DXylZlWbVvlckNqwvjTEt,Ministry,0SKBzZUEjv733RQr2KHleb,Good Trouble,2021-07-09,233.676,spotify:track:6NxprEWKLgokUfp0wCHDdw,222
7bbwpLmK2BCMfEWffhVakJ,Friday Knight,091cSUyhQCRgJreqXy17m5,Four Stroke Baron,0QMXwPaFvYH5Ko7AiafLCb,Friday Knight,2021-07-14,284.911,spotify:track:7bbwpLmK2BCMfEWffhVakJ,223
33BkqXFuCW5NDTB5IfoZCZ,Worst Enemy,6cCFZumSnMCsWuitRdRpUI,Firearm,5RkjX5M5mQvR8LCJZJG3Xb,Power Play,2021-07-03,146.014,spotify:track:33BkqXFuCW5NDTB5IfoZCZ,224
1haW8TFTZ7APqjDQBVCE1u,Dark Cold Night,2HQy0k5WRvv0zZtyJlor8j,Wired Shut,5KYx7uzW556I2jS3ejTmlO,Tomorrow Fades Away,2021-06-16,159.786,spotify:track:1haW8TFTZ7APqjDQBVCE1u,225
5kElq7ptdvjIOPmxwzq4O2,A Different Path,5xnm2W0cqiqAuSzpTOiaFx,Love Is Red,5bfsdHiNXr4C5PBNPALW24,Darkness Is Waiting,2021-06-21,138.14,spotify:track:5kElq7ptdvjIOPmxwzq4O2,226
3doWUw8mYMaEU0KsLrRKH8,Cursed Womb,6vqMsOdhsIsYgeg19qi92J,Rort Menace,4qp0dXMqxwt6HuxF5TlR6t,Turea,2021-07-01,107.25,spotify:track:3doWUw8mYMaEU0KsLrRKH8,227
4L4gZsIyF3Ji3bh49Z0I2G,Fuck This Shit,0zZWJH17JiSug0DNEqxyXL,Heckle,2zu2b3mXxm1pfWEDaVXl2H,The Motive Power of Fire,2021-06-25,106.943,spotify:track:4L4gZsIyF3Ji3bh49Z0I2G,228
2wrV1uLEj4NNgfmjzeBkqd,No Way out but Through,4l9ufn9GC6LLYXvIanDlLd,Face To Face,4V6VuPwtdsNKBxZBS0GIwX,No Way out but Through,2021-07-08,210.283,spotify:track:2wrV1uLEj4NNgfmjzeBkqd,229
7K9GuLxwoBOlIPATtvcC5a,Purgatory,4CASo5ALuNEWrsKDpCKm5h,The L.I.F.E. Project,267u0dLChjPuvEQok1aIzX,The L.I.F.E. Project,2021-07-09,322.428,spotify:track:7K9GuLxwoBOlIPATtvcC5a,230
5iyR3KO0W7aRs8rrg2MOBI,Gumshield,1aOt6LvXOV6I8dv1A5Diia,DON BROCO,4ogwZVLvS3KEJg4gscFUSQ,Gumshield,2021-07-08,217.224,spotify:track:5iyR3KO0W7aRs8rrg2MOBI,231
78Am4VNaS1llV7oNacsr6A,Shards of Glass,6DX31A4wAIGzrnZXYYXUke,A Pale Horse Named Death,24gTB5VDRybIbSytaGhZUh,Shards of Glass,2021-07-09,282.813,spotify:track:78Am4VNaS1llV7oNacsr6A,232
6gaiIOJF8LbjyvX7VKOLm8,Envy,7LeHdLOuiySZgt7ewdckbX,Afterlife,1wJhK0tlMtM1c190rxaZCr,Envy,2021-07-07,212.53,spotify:track:6gaiIOJF8LbjyvX7VKOLm8,233
23xxsS6cE7qgw5drzpR5WF,Guided by Angels,3NqV2DJoAWsjl787bWaHW7,Amyl and The Sniffers,05dY0qvJmxM5dWf8luGI1L,Guided by Angels,2021-07-07,179.56,spotify:track:23xxsS6cE7qgw5drzpR5WF,234
5bccYlSbCo13rsK5i3f4i3,Don't You Feel Amazing?,0XGJ3GUPwslwFJ66yNbHeh,Trash Boat,5fzm0EmXjDTEOQv6GjGg7v,Don't You Feel Amazing?,2021-06-02,225.841,spotify:track:5bccYlSbCo13rsK5i3f4i3,235
5x3z2NNsQG9bMr7hAAqiA0,Bad Entertainment (feat. Milkie Way),0XGJ3GUPwslwFJ66yNbHeh,Trash Boat,2CJvMtO9IqPx73TZ4GpSNo,Bad Entertainment (feat. Milkie Way),2021-07-08,232.53,spotify:track:5x3z2NNsQG9bMr7hAAqiA0,236
6DtVPVYBdHuHmPqsUsGVMa,PYRO PYRO,1NRudBLaT84LXxfsYdFMhB,WARGASM (UK),0Ua6tFWJEJUExufIMSfJmj,Your Patron Saints / PYRO PYRO,2021-06-11,194.0,spotify:track:6DtVPVYBdHuHmPqsUsGVMa,237
7Ds6JinAuD8zEWCVIcBO4u,No Song,1fPlNcA88PnTHeLk7k57UJ,Maggot Heart,7F8uTwS7HqSun7JNq4M7ys,No Song,2021-07-16,419.445,spotify:track:7Ds6JinAuD8zEWCVIcBO4u,238
1OuhXoDx2sIChuNiB3hovd,White Buffalo,0MnazDWzh4tAnT5y4vWZFr,Crown Lands,5wTKkCOqwJa9EQXCj5kM8P,White Buffalo,2021-07-08,231.411,spotify:track:1OuhXoDx2sIChuNiB3hovd,239
026YEcmg29OySh0FhbWQ8M,Fuck These Fuckin Fascists,0k4t6CgTa017VoLxokJn8t,The Muslims,4d929LK3MYZzxakbE1aLnN,Fuck These Fuckin Fascists,2021-07-08,128.598,spotify:track:026YEcmg29OySh0FhbWQ8M,240
0bgVC6g0DKICC9qzuj3n7b,Before the Blight,7HBg0SjUKvVd3IW9v1bf4T,Esses,31DpQNrSC43aCbWM2zxd8a,Before the Blight,2021-07-09,215.626,spotify:track:0bgVC6g0DKICC9qzuj3n7b,241
6snsd00vziTFb3ywRWJIlE,Everybody Sins - Radio Edit,4YJR4xviDKHoelt9WKHlBa,Andrew W.K.,601HCwdmUsxk80ptKE92G9,Everybody Sins (Radio Edit),2021-07-14,257.186,spotify:track:6snsd00vziTFb3ywRWJIlE,242
04QGaBNvg3zmP4Nklyob6e,Erase,6yCjbLFZ9qAnWfsy9ujm5Y,Zeal & Ardor,6WyrGHsHq56JYiz39Ph6WQ,Erase,2021-07-23,241.96,spotify:track:04QGaBNvg3zmP4Nklyob6e,243
4MUetE8RS3ykfKPMsBvN01,Brothers of the Road,0bDUXDIVbwZC0NVw26b4D3,KK's Priest,01v8cSXqK2IjQZgUgvwE6Z,Brothers of the Road,2021-07-21,202.527,spotify:track:4MUetE8RS3ykfKPMsBvN01,244
4o7yTUS7EFgYOcFDyN8U27,Shoulders,3utxjLheHaVEd9bPjQRsy8,Coheed and Cambria,1foAheWx5434SZa2TxIkxO,Shoulders,2021-07-21,205.205,spotify:track:4o7yTUS7EFgYOcFDyN8U27,245
1liDmQVFZLYYgWnA60NKME,Sick of You,37561fPR6pVMtyLd3eOFys,Anette Olzon,5e4rfbtresEiGbxTtcmfrd,Sick of You,2021-07-19,304.026,spotify:track:1liDmQVFZLYYgWnA60NKME,246
4e72LGraX8sW5iztJvS5fo,Oh!,13dTrWNNrnZ3AkgNyQNKP5,The Linda Lindas,13YVOGugpbcH7MZCwDEWnE,Oh!,2021-07-21,155.821,spotify:track:4e72LGraX8sW5iztJvS5fo,247
1b4zMfYxFwVX11PNuPa14X,Chardonnay Nights,6xPOeIDWmM9ooOw7SBknMl,The Night Flight Orchestra,6Pyb3ijizoBrPBoupx3hks,Chardonnay Nights,2021-07-23,273.72,spotify:track:1b4zMfYxFwVX11PNuPa14X,248
6o9yuCwKIlhShmkFusUsda,Burn for Me,6xPOeIDWmM9ooOw7SBknMl,The Night Flight Orchestra,6Pyb3ijizoBrPBoupx3hks,Chardonnay Nights,2021-07-23,228.213,spotify:track:6o9yuCwKIlhShmkFusUsda,249
0zXyfewzjYt4N6xyolsXLI,White Jeans,6xPOeIDWmM9ooOw7SBknMl,The Night Flight Orchestra,6Pyb3ijizoBrPBoupx3hks,Chardonnay Nights,2021-07-23,252.826,spotify:track:0zXyfewzjYt4N6xyolsXLI,250
7xo3skeZ6bKEsyQYIhficA,Witch,2RJ0cQlHOmiZ7JuHBwgUbV,Vampires Everywhere!,65mSDrYVttHEtNCrIyTIWD,Witch,2021-07-20,228.4,spotify:track:7xo3skeZ6bKEsyQYIhficA,251
7hacIRsd18Uy6litg0Xg3I,Photophobic,10AROE3jG5grMdhlNyZiWo,MØL,6VrP7EKIyWC3SZPqXMSYxb,Photophobic,2021-07-23,318.246,spotify:track:7hacIRsd18Uy6litg0Xg3I,252
7nY4Xkw8OGd9boAdrf9kuO,Viral Tumor,0u2kD6NbQGzAN9YkUJ8SZ8,Bastarður,0oUK09h9bQ6jlaiRSZF0wz,Viral Tumor,2021-07-21,217.12,spotify:track:7nY4Xkw8OGd9boAdrf9kuO,253
1SjfsNhqwyLHEqaOxnoLDe,The Hunt,1iZlQG09PwkMVMumsvgFj4,Dagoba,56nY6YWqoPxd4CrjGYYeqW,The Hunt,2021-07-20,266.36,spotify:track:1SjfsNhqwyLHEqaOxnoLDe,254
7yp84j0ivUrkeEWtYUxvKp,BLACKOUT,2qnpHrOzdmOo1S4ox3j17x,Turnstile,0W0I2VBZ4UQRIAmq3LDu5f,BLACKOUT,2021-07-28,173.279,spotify:track:7yp84j0ivUrkeEWtYUxvKp,255
1IyNQIczrOabSeU3HEJNwT,Security,3NqV2DJoAWsjl787bWaHW7,Amyl and The Sniffers,7BbLKYoBNvPRnHnFQq1Fkt,Security,2021-07-28,227.6,spotify:track:1IyNQIczrOabSeU3HEJNwT,256
0qB5ojhJiQwQYokW3WTmKe,Locust Laced,59pWgeY26Q6yJy37QvJflh,Sleigh Bells,0uMTY0CWtDyty8iKXLpivz,Locust Laced,2021-07-28,150.946,spotify:track:0qB5ojhJiQwQYokW3WTmKe,257
7wCmS9TTVUcIhRalDYFgPy,Where Is My Mind? - Remastered,6zvul52xwTWzilBZl6BUbT,Pixies,50j4Wm1b9hLpSpPIA39Vp9,Surfer Rosa,1988-03-21,234.973,spotify:track:7wCmS9TTVUcIhRalDYFgPy,258
0LH9UezBi3xhxuW61NLY4c,Night Goat - Acoustic,6aVjo0xHSiuW5hkasoYSR3,Melvins,5Mp0oJ6V04rtU6x9JpBHX8,Night Goat (Acoustic),2021-07-22,365.506,spotify:track:0LH9UezBi3xhxuW61NLY4c,259
3RwTqDriulbzFJKYH5HJ7m,T.L.C. (TURNSTILE LOVE CONNECTION),2qnpHrOzdmOo1S4ox3j17x,Turnstile,4Dx7TI0kECk72u90341I25,TURNSTILE LOVE CONNECTION,2021-06-27,102.804,spotify:track:3RwTqDriulbzFJKYH5HJ7m,260
35YuZV3Fyffqu9fOO2wXtm,Powered Up,1hOZLmKpSs0uaKbGeiWSf9,Cobra Man,0vwA08n7McS173xbrwYS1N,Powered Up,2021-05-26,183.162,spotify:track:35YuZV3Fyffqu9fOO2wXtm,261
4BVkcq4708rC720KR7FDiE,Brand New Future,5R9WJjT2i9zmBWMNWD2rLp,Splinter,4E7dws94aYswrnwV4dERuv,Brand New Future,2021-06-18,267.213,spotify:track:4BVkcq4708rC720KR7FDiE,262
76I8SPUVY3ZU9kVPXH9G9Q,Leaders of the Blind,2MIoyDjdxCUdnV59UqbJGk,Green Lung,4Fcx1bH6xAbM0sLIf1FpJj,Leaders of the Blind,2021-06-25,281.386,spotify:track:76I8SPUVY3ZU9kVPXH9G9Q,263
7dOqFHOe85ObvZRHnyFYrf,BURN TO ASHES,4du3q8TIzsZxZZKdRT23Jg,Backxwash,4gaxRsSkSQmoyDsTesvplD,I LIE HERE BURIED WITH MY RINGS AND MY DRESSES,2021-06-20,241.714,spotify:track:7dOqFHOe85ObvZRHnyFYrf,264
1Kp80mQhmtLSJCJwzLrnXP,A Villain's Monologue,4WfUbvICLrqPW9rzuNGS1f,Blood Command,6jM1PfqatUmUVUxk0KrXgU,A Villain's Monologue,2021-06-03,210.0,spotify:track:1Kp80mQhmtLSJCJwzLrnXP,265
671gFjeiyqUEIgXfLKj956,Play The Greatest Hits,3btzEQD6sugImIHPMRgkwV,Wolf Alice,1zt521PK0lam6J79DNMIJi,Blue Weekend,2021-06-04,147.664,spotify:track:671gFjeiyqUEIgXfLKj956,266
6uGFLZuLASEqhhZuOciFlK,CUE,5mlbvTfWUOfDrUIK6dkNzv,Poppy,64qHcKFcreaFc70UtMFUMM,EAT (NXT Soundtrack),2021-06-08,206.023,spotify:track:6uGFLZuLASEqhhZuOciFlK,267
5VLaiFzBwb3YwG0Amt0dfw,The Truest Road,05C3EDw4Rf0qMhrdjFKncL,Fucked Up,5EJq48V5pksWWyRpHaKWsA,The Truest Road,2011,187.834,spotify:track:5VLaiFzBwb3YwG0Amt0dfw,268
6WUPmEwu5mzN02sQAiOqbM,Magnolia,1cbBzQxiKcZCsit68iTbTJ,Lantlôs,2D4CHtDxUFsrgLoKpnNDex,Magnolia,2021-06-09,222.801,spotify:track:6WUPmEwu5mzN02sQAiOqbM,269
0oVo5a1JabQ6AVBSUvDTdN,Different Method,0WsKaCrAH7xPTAW6B18lvm,DARE,6BNM7V4vbiVva2NBfkm4ev,Different Method,2021-06-11,102.36,spotify:track:0oVo5a1JabQ6AVBSUvDTdN,270
4Fvavi20j9nblUdzNXGlDv,Medusa,0CfztphU9FWmAhGocFrrYC,Times Of Grace,6CNqMl2G9j4Cbg9nqJvtbk,Medusa,2021-06-10,362.776,spotify:track:4Fvavi20j9nblUdzNXGlDv,271
4Vm4snMLgcV5XWLdSLHR5a,Why,3u4HBuoQ4dgPBzX2Q9uf5S,Red Fang,12eIRMXgHx8ACUT8ZTNRor,Why,2021-05-24,188.346,spotify:track:4Vm4snMLgcV5XWLdSLHR5a,272
6lKnX1GEyt9LKG8pojZcuu,Cold & Distant,3jmqk617nnjalSiZUCaaBi,Hangman's Chair,0sLKJnBz2eeVAbaMj0DVcy,Cold & Distant,2021-05-21,309.293,spotify:track:6lKnX1GEyt9LKG8pojZcuu,273
4BwPKXsMkinmd1okNTryUc,A Song for Those Who Speed in Built-up Areas,1zeT022vOyMGqBCTSs9qiI,JOHN (TIMESTWO),4qq5LjTdwWXVdMAjubHwnK,A Song for Those Who Speed in Built-up Areas,2021-05-26,176.779,spotify:track:4BwPKXsMkinmd1okNTryUc,274
1QlGmLx0IWNZq8Dm4N94xm,MYSTERY,2qnpHrOzdmOo1S4ox3j17x,Turnstile,7fESyOnq9rZD3b37TuMXJq,MYSTERY,2021-05-26,155.199,spotify:track:1QlGmLx0IWNZq8Dm4N94xm,275
1iJDsSrrVM1GrToPOMnq0e,Fear of Dying,5mlbvTfWUOfDrUIK6dkNzv,Poppy,37p6hHok2BlHQ3VjiRGrTt,Fear of Dying,2021-05-26,163.062,spotify:track:1iJDsSrrVM1GrToPOMnq0e,276
6mJ1xzqTOpUfIKVc4d5HDl,Diana,6ZK2nrW8aCTg8Bid7I7N10,Chelsea Wolfe,3KQGVYjzN1c5QhhdeGwIMF,Diana,2021-05-26,256.105,spotify:track:6mJ1xzqTOpUfIKVc4d5HDl,277
0xKO76rHVYlmIgpTtfBDLa,Run,6yCjbLFZ9qAnWfsy9ujm5Y,Zeal & Ardor,6bBxm5wRqw3drqyT1yB8nC,Run,2021-05-25,196.986,spotify:track:0xKO76rHVYlmIgpTtfBDLa,278
5PRU610vVE9hHvPqfH3qcX,Damaged Goods,75mafsNqNE1WSEVxIKuY5C,IDLES,1T0nUhUZKXBsgog7qe5u1F,Damaged Goods,2021-05-28,160.0,spotify:track:5PRU610vVE9hHvPqfH3qcX,279
4DEzDE4aWQapm3OeOE2HHP,I’ve Been Everywhere,2kLc7t2L9AX4QXgMrlUmtu,L.A. Rats,0gmYpbcldA81iqby393A9K,I’ve Been Everywhere,2021-05-21,239.681,spotify:track:4DEzDE4aWQapm3OeOE2HHP,280
5834UlRALHXn4NYxLFkWwW,A LITTLE LOVE,3r6Sk3pYxdJk7MekhBGgMR,Blood Red Shoes,78YASVI7IEn1yd3SWUfs3H,A LITTLE LOVE,2021-06-04,184.853,spotify:track:5834UlRALHXn4NYxLFkWwW,281
4s2cOQQ28ZZhuH9uRHmqg1,Harvey Weinstein (Is a Symptom),2OQoYYxZxDpZgN1D14DPcY,Neighborhood Brats,4m9jwcqFcR6GIoaakL4ivS,Harvey Weinstein (Is a Symptom),2021-05-07,81.514,spotify:track:4s2cOQQ28ZZhuH9uRHmqg1,282
2PvDXlyr9fV4YOCR5WpSa8,Finally Free,2hzpkeZKullRQgzgJqYPbv,Static Age,52VMROKYHm2ICEtjo8aoas,Promo 2021,2021-05-13,125.746,spotify:track:2PvDXlyr9fV4YOCR5WpSa8,283
4AKAZGuK5rSiDQwayUQwDT,Nausea,3PbVZAe3y6cQKBDdG2YASB,Violet Grohl,5bbTKsa0yi3rmoeOhnxVWb,Nausea,2021-04-23,209.322,spotify:track:4AKAZGuK5rSiDQwayUQwDT,284
65xDdrF3yIMgt8hzq8jfHI,X,7cCi9XoRu8Y1SyJ9c94fhc,Working Men's Club,6Gk9YZx1vaOUyECC6oVZhH,X,2021-04-22,209.28,spotify:track:65xDdrF3yIMgt8hzq8jfHI,285
3fdi0Kf79LiuUrOeP97qHA,Where's My Baby?!,6fSp7npf25PcGw9LGHUIc7,Lodia Mija,6KzecbUbURZJFo70fAMQ6n,Where's My Baby?!,2021-04-23,171.951,spotify:track:3fdi0Kf79LiuUrOeP97qHA,286
6PhrbFbRW3Cchrv6klsLF5,Sphinx,0GDGKpJFhVpcjIGF8N6Ewt,Gojira,3bmdzJRZ4DLRTiA6yBBQcI,Fortitude,2021-04-30,240.358,spotify:track:6PhrbFbRW3Cchrv6klsLF5,287
0AywDudSN3fgXKuJRy5aPf,Painting a Clear Picture from a Unreliable Narrator,7CFS5X96xBaJft4QdzTTC1,SeeYouSpaceCowboy...,6P6WwBj2lgrGH3EyURzgpO,A Clear Picture from a Unreliable Narrator,2021-04-27,200.715,spotify:track:0AywDudSN3fgXKuJRy5aPf,288
2gxYf0Tdnn65M6HKzFU1ye,My Town (feat. Joe Talbot),3r32a6mMdoPaSP1C7kYhMc,Frank Carter & The Rattlesnakes,06cux1Vggkcy0TWsltLziy,My Town (feat. Joe Talbot),2021-04-27,164.485,spotify:track:2gxYf0Tdnn65M6HKzFU1ye,289
3neCnBouNr3Xkbpe7Mzxh4,Circle With Me,4MzJMcHQBl9SIYSjwWn8QW,Spiritbox,4qcaZiTHCAwA4d156aErzG,Circle With Me,2021-04-30,233.88,spotify:track:3neCnBouNr3Xkbpe7Mzxh4,290
6wOT4xSBIfD6oxSv7dGE6S,MMMOOOAAAAAYAYA,3ztRX1UoIOsFqpD7dB6R8O,illuminati hotties,6vLZTDbsUAVSQu5m0Xn9dJ,MMMOOOAAAAAYAYA,2021-04-21,184.756,spotify:track:6wOT4xSBIfD6oxSv7dGE6S,291
1qYXynYdeodUFDH3DP7quK,Minor Case,0L9DzGxpz3Pn5cOk3VzkMr,VR SEX,3kF36RVrWbewcUSFTzu5eW,Cyber Crimes,2021-04-30,232.539,spotify:track:1qYXynYdeodUFDH3DP7quK,292
01ssWHqVurkszNNEK1iws7,End,1lP8rCdV5nmRMR76QhDzlS,Silent,79Ws0QheqAT4wcTvF5MD07,Modern Hate,2021-04-23,172.0,spotify:track:01ssWHqVurkszNNEK1iws7,293
4jq6j6AcaMcMmJGvjkXB8a,Toxic Freedom,3VvvNtwzaS0dyqr13Pa113,Go Ahead And Die,07QiBkVx7nUbtLmr485zoO,Toxic Freedom,2021-04-16,205.507,spotify:track:4jq6j6AcaMcMmJGvjkXB8a,294
7eiCNkdHmnWMj1O2xFD8rs,I'm in Heaven,4YJR4xviDKHoelt9WKHlBa,Andrew W.K.,6Q2AzOBZLsuufy7MZ4iTaY,I'm in Heaven,2021-05-06,195.533,spotify:track:7eiCNkdHmnWMj1O2xFD8rs,295
5Id8mjtl3ySDeCCLdprM5n,Sawtooth Monkfish,7GRrLcUxwtQLvOpO7OHO80,Psychedelic Porn Crumpets,7Huw5Su2SFHiKqZHdrDlVl,SHYGA! The Sunlight Mound,2021-02-05,154.784,spotify:track:5Id8mjtl3ySDeCCLdprM5n,296
7vAWLTQr7F9KLKsIu7RbT6,AN ITERATION,4V5obzWMr7BHZrjOiQwB4K,The Armed,0xMePIGPcoO7Xirx1Jh0da,AN ITERATION,2021-03-31,173.154,spotify:track:7vAWLTQr7F9KLKsIu7RbT6,297
7zeTdmhp0kXtfUraKP7G1z,Sólstöður,28meEMqGpDrolyQ9OVoDAH,Kælan Mikla,3bpJLgEWojE0Qe9KY9p9Mr,Sólstöður,2021-04-02,252.204,spotify:track:7zeTdmhp0kXtfUraKP7G1z,298
5DhBr3Zhpa0XUmVKMMGdcm,Arrows,3u4HBuoQ4dgPBzX2Q9uf5S,Red Fang,50QcKLsvgVyLzDwFclkiex,Arrows,2021-04-05,232.98,spotify:track:5DhBr3Zhpa0XUmVKMMGdcm,299
0CBHBjIwo0iVigIn8azmH5,"So Long, Idiots!",3QgBKy7myJIAIMe1A1y7uq,Bokassa,5Hl2R4ZLzWbIySVE7GFLEG,"So Long, Idiots!",2021-04-09,230.513,spotify:track:0CBHBjIwo0iVigIn8azmH5,300
6qgU6XrxxkmrRJtxszrYDW,Fault,3bQOdXdA0JLHAVHavCMqs8,Desperate Journalist,1CbI3XPcfoLkcVgOLhLmwI,Fault,2021-04-02,244.986,spotify:track:6qgU6XrxxkmrRJtxszrYDW,301
7yEWHAjDOOWKxjOAsvt64b,Modern Guy,18H0sAptzdwid08XGg1Lcj,Death From Above 1979,6H9QBo21NFBgN9Thf84pK7,Is 4 Lovers,2021-03-26,209.902,spotify:track:7yEWHAjDOOWKxjOAsvt64b,302
40U2sffCF8fKAW2DHVTDXl,The Rule of Silence,1vKXAkXBGSbjgGcOPYLI6j,Årabrot,250c4E9Zot28XDVbUDbnyO,Norwegian Gothic,2021-04-09,288.093,spotify:track:40U2sffCF8fKAW2DHVTDXl,303
5sPhooEuRCsP2on6MEWp9C,Vertigo,3rSpnCzb6wtsvZlGkkcHz4,Sumo Cyco,6bYBF2kFo8wsIZPeVxznAU,Vertigo,2021-04-08,189.946,spotify:track:5sPhooEuRCsP2on6MEWp9C,304
43x4jHaRtDYtqlPKJvwjWL,Trilogy,0JGTiwfinlCuANGu4Gq2XU,Silent Planet,5AEn33q2yAt4g8rB1KAMoP,Trilogy / Stockholm,2021-04-09,204.123,spotify:track:43x4jHaRtDYtqlPKJvwjWL,305
34oIzPx1HX5MBQzYHM33lJ,Let Them Bleed,6jYtQDVzNYje5WcVZJ3TXy,Thunder Horse,3ZY5wTN8VSuYyLkPdpgpeH,Chosen One,2021-03-12,366.082,spotify:track:34oIzPx1HX5MBQzYHM33lJ,306
18yN1M8EHIDTfRnCAt9Xy9,Hailstones for Rain,1vKXAkXBGSbjgGcOPYLI6j,Årabrot,0aXXHfpFXD09FJ4j8yv9ok,Hailstones for Rain,2021-03-10,296.72,spotify:track:18yN1M8EHIDTfRnCAt9Xy9,307
3bJizQ0bkqErp2kECw35an,Samuraiah Carey,4jfu3bxtFywqyCRuTcsve4,Capra,4cfe8gJmLSOPA9wvNEssuG,Samuraiah Carey,2021-03-10,212.641,spotify:track:3bJizQ0bkqErp2kECw35an,308
6fhAj9eNaSZ6gxbMh8QHbC,Valley of the Ravens,3uqoS4269hIwo4DzfT15Wi,Bewitcher,5VOGQ2rWXkuGYLQIOZQ293,Valley of the Ravens,2021-03-12,323.813,spotify:track:6fhAj9eNaSZ6gxbMh8QHbC,309
1eMkq6VaOL1OHQnj3wW6PL,Bolt Swallower,2EwbxYWItpLOIDc3TFHve6,Gulch,0A2t7g3ZaY4qPUB96Hmfmn,Gulch/Sunami Split,2021-03-01,247.455,spotify:track:1eMkq6VaOL1OHQnj3wW6PL,310
25rQgfu5MQYZmXYiVRiHwN,All That Black,6r4OXTv5GG4cGuCk6bcihV,Wolvennest,0Nq0eMs4FkbtzQDyGV6dmb,Temple,2021-03-05,393.846,spotify:track:25rQgfu5MQYZmXYiVRiHwN,311
7pyHEm4pE1i2V9TM6DahQO,Awake // Sedate,0l5d2oD9unQCRRogw47e2Q,SOM,25DrcZEd6ftnWm81TvZLrG,Awake,2021-03-05,273.709,spotify:track:7pyHEm4pE1i2V9TM6DahQO,312
0e0phXCT7jNlROrwLeTAPK,Recognition,4y0ph2gWvcF21ODif4ZpZ4,Human Impact,6MnR8xic3SpZwzsH65TQZ8,EP01,2021-03-12,256.426,spotify:track:0e0phXCT7jNlROrwLeTAPK,313
6poIsLPDUs5HwDK0Q7JoJT,Acid,18TNVFTJ6WfeicsMRrdJHI,Metz,6oohCr9v7p096xhoKxUOBq,Acid,2021-03-12,201.96,spotify:track:6poIsLPDUs5HwDK0Q7JoJT,314
06rUSp5vUkWsZrU1g2DYx1,AVERAGE DEATH,4V5obzWMr7BHZrjOiQwB4K,The Armed,3tJMthBdjOgApxrUaFsvEy,AVERAGE DEATH,2021-03-02,271.9,spotify:track:06rUSp5vUkWsZrU1g2DYx1,315
5fIQiMWBUF5IZztP5pg1gQ,The Green Manalishi (With the Two Prong Crown),0FfuujZJUa7Z2JzhhiPI2z,Kadavar,1aePo6oir1bdUHxAxuXBOb,The Green Manalishi (With the Two Prong Crown),2021-02-26,314.675,spotify:track:5fIQiMWBUF5IZztP5pg1gQ,316
5GntBYeuf6LIOoI6Kv3Egq,Hands Of The Ripper,6MC1i9hToT9dRxdN4hIHEW,Bloody Hammers,1SG9RAYs29ksG0kApAIsjA,Hands Of The Ripper,2020-12-03,172.013,spotify:track:5GntBYeuf6LIOoI6Kv3Egq,317
6K4sl3JE7oeuUhDJvy9ku3,Activate,09mNj9XgCqgg6usfeXOoBg,Vektor,0rfHDsz52JsOhrqHSosKRs,Activate,2020-12-16,210.288,spotify:track:6K4sl3JE7oeuUhDJvy9ku3,318
7u28TZOIFPj8v5SDUTh6vE,Friday Night Fire Fight,0ZZBzndaYgoAtcc9T73xqc,Aligns,28PcfVJsEpDcObv9swX6Z8,"Cyberpunk 2077: Radio, Vol. 1 (Original Soundtrack)",2020-12-11,214.7,spotify:track:7u28TZOIFPj8v5SDUTh6vE,319
134IgRBV74jw5R5pYysYk9,Night City Aliens,4V5obzWMr7BHZrjOiQwB4K,The Armed,28PcfVJsEpDcObv9swX6Z8,"Cyberpunk 2077: Radio, Vol. 1 (Original Soundtrack)",2020-12-11,204.74,spotify:track:134IgRBV74jw5R5pYysYk9,320
0Dx1VLQ3wlYcnKa6MDddfT,Broke,3m7JHlRsZs6jkvzWAnkyuq,Life's Question,7nLXC7lgc4ASX4JMXr622f,Broke,2020-12-11,127.774,spotify:track:0Dx1VLQ3wlYcnKa6MDddfT,321
5eZZKHWEWCWyQAq5cnidut,Sacred Cement,4UyfygHFhKpDMztcfWBTAN,Twisted Thing,02T6vNGlNtdzUPpdUUtWw2,Sacred Cement,2020-12-07,152.64,spotify:track:5eZZKHWEWCWyQAq5cnidut,322
56qkrMwEzu4cR4UrG6GHiL,Desperate Pleasures,0o7WWONtleH6PWLn5GIoCM,Every Time I Die,6TliRbh2qzFFExsCtKCVTh,A Colossal Wreck // Desperate Pleasures,2020-12-08,191.653,spotify:track:56qkrMwEzu4cR4UrG6GHiL,323
7n3xQXDYjaW5L5vgEuxlY3,Hollywood,34gLicNdz493863yZTanvC,Emma Ruth Rundle,2Rle7dUqBUZmerBLiUNpUW,Hollywood,2020-12-10,315.466,spotify:track:7n3xQXDYjaW5L5vgEuxlY3,324
27VzbKhx0VzZW6TZJsAb61,Meat Suit,3NFvorn4wvIOqrDLJbXroK,Doodseskader,0bxYNBFegzpmJOAkkOtk4n,MMXX : Year Zero,2020-12-11,302.46,spotify:track:27VzbKhx0VzZW6TZJsAb61,325
2UsczqvD4iDtH8f9nBiI64,The Babysitter,3dPPEQeCf0pcfeEL4rBj4P,Deaf Chonky,6ccCAZPsz9VUdR13rua5rt,Harsh,2020-02-19,208.453,spotify:track:2UsczqvD4iDtH8f9nBiI64,326
4BkM0A2FwgLB8Av8fKLMzg,Lazaretto,3uL4UpqShC4p2x1dJutoRW,Ghostemane,3gEv1vpsDgaEo4TLuu0Lwz,ANTI-ICON,2020-10-21,113.333,spotify:track:4BkM0A2FwgLB8Av8fKLMzg,327
1vaDcGTEHAkAEV2PUjRRMn,Purple Me,24ExnkYwR4QoLamXGi4sOR,Slope,78sGQaDhgBvSd4HBnFpeU4,Purple Me,2021-01-07,213.72,spotify:track:1vaDcGTEHAkAEV2PUjRRMn,328
1KKwdzzcJZNYPO50FbKAzE,I'm Staying Home,3X0a18Q9nluwuFYv5hB5cm,Monolord,3VcF6aiYe8wfxSWKWokIk1,I'm Staying Home,2021-01-14,364.0,spotify:track:1KKwdzzcJZNYPO50FbKAzE,329
0V1MTRrJu0DKF5K9YtclUi,We All Are the Same,7lZtZhN7z46k3DvQpEgtd5,Misterer,2frMO7LlZ2Erp2gYGUgXRV,Under Attack,2020-12-18,317.629,spotify:track:0V1MTRrJu0DKF5K9YtclUi,330
4cYSZ0F8wZycfjsNMNcMeL,SIHEYMN's Lament,5PIuMlRY9PSLUSFzs6lQu1,Liturgy,5Q84MVz6dS62QsAzBiFTwY,Origin of the Alimonies,2020-11-20,221.692,spotify:track:4cYSZ0F8wZycfjsNMNcMeL,331
03QIE6ty1kLaZprKsJ1WMe,Born to Fight,79CWSiI7ed0ubWZFpbgrGO,She/Beast,6xA6HusXCK2L5OupMoPaRT,Born to Fight,2020-11-24,239.574,spotify:track:03QIE6ty1kLaZprKsJ1WMe,332
5mf3p8pyhLHoS4EWeD354I,The Triumph of King Freak (A Crypt of Preservation and Superstition),3HVdAiMNjYrQIKlOGxoGh5,Rob Zombie,7mdbCagfxurdPgceZXaccP,The Triumph of King Freak (A Crypt of Preservation and Superstition),2020-10-30,247.04,spotify:track:5mf3p8pyhLHoS4EWeD354I,333
2kAxNPgubTKLGQ9VBOcx7v,Out of Existence,34gLicNdz493863yZTanvC,Emma Ruth Rundle,6X2TkIjKz0JmifXmr0Tj79,May Our Chambers Be Full,2020-10-30,222.746,spotify:track:2kAxNPgubTKLGQ9VBOcx7v,334
1wOM1Unja6Opz6LXsKwonY,Nocturnal Transmission,1nmxfjOFtJt1H3BgpG9OKe,The White Swan,2kLLwTLRxytW7IE6Y5mC2x,Nocturnal Transmission,2020-09-18,312.52,spotify:track:1wOM1Unja6Opz6LXsKwonY,335
0Le2T1wm78Ycrtj7vdrCwG,Memoriam,2L2rV1gDa17HwFcFCWBIAx,Eleine,61dUMU9JXCrHEHhXgu3yFC,Memoriam,2020-11-13,375.186,spotify:track:0Le2T1wm78Ycrtj7vdrCwG,336
1YSYZWVYTeWhCU9YJEFzSf,Scratching at the Surface,5mdiygu3OgrNzMREgzdy4j,2 Shadows,7MgIX0ymNTINSe1xI9LOMU,Scratching at the Surface,2020-11-13,222.0,spotify:track:1YSYZWVYTeWhCU9YJEFzSf,337
5MmZ225j5guy5tHWXA26H3,Lost & Forgotten,4gSQlkxtYOyPSRFksQk6tb,Affiance,3ORIN3AiUqIS1ggfBgRghp,Lost & Forgotten,2020-11-06,234.576,spotify:track:5MmZ225j5guy5tHWXA26H3,338
7JlUiuCXUDK5blSa8Gb9Ob,Cure 4 Psycho,6OVWDN6Ty6RfnhUJlrYBlI,RedHook,5mPNhLXoyn98tShWrYJfKV,Cure 4 Psycho,2020-11-13,157.749,spotify:track:7JlUiuCXUDK5blSa8Gb9Ob,339
5fFJYNDFdyZYc4ctaJKnsv,Obey the Queen,1ezwRjcVcSgr0HNIwRd2CN,SCARLET,5SgioAA6HgEiJm1YIi8w3g,Obey the Queen,2020-11-13,240.75,spotify:track:5fFJYNDFdyZYc4ctaJKnsv,340
2znJImPhsEV8FhHI4Xzxoc,Chauvinist,2bpwFx2J3v4WxY4awDIPHd,Levels,6hRnrYQSZOKd8msauQCChA,Chauvinist,2020-11-13,193.557,spotify:track:2znJImPhsEV8FhHI4Xzxoc,341
4nCml2X2QqNGzdfFfD3Mn2,Toygun,526aM6caVXBw8KBb5ELbMH,Children of Boredom,7zXtJ0LIubQNOGNr7F4pqd,Toygun,2020-11-17,373.97,spotify:track:4nCml2X2QqNGzdfFfD3Mn2,342
2WxW0uqyUJvgoGwDnsrkq1,Parade,5iWmisoEhjZGn4QYLRqzuy,Mil-Spec,21Atym1XfXO74WPSq0Wb27,World House,2020-09-25,116.67,spotify:track:2WxW0uqyUJvgoGwDnsrkq1,343
02ZdMHRfECQJQ3jAKCBRUm,It's Already Over,1Uwe1MbiKnPHAFh3qMWuNp,Portrayal of Guilt,4rcJLPrYt73HTq5rnyTx24,It's Already Over / Masochistic Oath,2020-10-27,162.028,spotify:track:02ZdMHRfECQJQ3jAKCBRUm,344
6IcXx9WDNaCQTnpSoGO4Zs,Water,59Osbl3efzeFIGIa93er0G,Botanist,09l7I0C04vm3yD0En1vf8V,Photosynthesis,2020-10-30,305.6,spotify:track:6IcXx9WDNaCQTnpSoGO4Zs,345
6RxG9c1FOLk8ISIDLOi4kZ,Stonechild,4sP7ipyYUfdkpzCEP0kSw2,Friendship Commanders,5a8i1mPWAERUu34WkHlOu5,Stonechild,2020-10-12,249.592,spotify:track:6RxG9c1FOLk8ISIDLOi4kZ,346
3Sg3bOiD0kE4D5DcXk48Ds,Genocidal Humanoidz,5eAWCfyUhZtHHtBdNk56l1,System Of A Down,00OQIrRjQgZmacSnjK8L7M,Protect The Land / Genocidal Humanoidz,2020-11-06,155.286,spotify:track:3Sg3bOiD0kE4D5DcXk48Ds,347
0dRLvMdWQmZbCCFLYpNna6,Inner Calm from Outer Storms,4JNF6YOUi69O4zAdwQVGLY,Killer Be Killed,3eewDYBdyzcgtDfZhqIT6G,Inner Calm from Outer Storms,2020-11-06,232.747,spotify:track:0dRLvMdWQmZbCCFLYpNna6,348
6SUuwfdQrLWCsDrRcl2rti,Glory of Hel,0eCgo2A2l8pJpAJOjYimxA,HJELVIK,1TQfMLI5WV9aca7FEIzzyJ,Glory of Hel,2020-11-06,270.74,spotify:track:6SUuwfdQrLWCsDrRcl2rti,349
5f7khPnMYRqBMufcMUBvwg,Calcified Youth,6nDgICbtlqsOj1OrHuRkDg,Blood From The Soul,7sLagNtiW1qZFgzYSeddxk,Calcified Youth,2020-10-27,274.462,spotify:track:5f7khPnMYRqBMufcMUBvwg,350
5M8MxHTeKAzmvj1gswt4cq,Tupilak,0AZ3VR0YbFcS0Kgei7L2QF,Russian Circles,70f88hTacrgbDXCB8PkQhy,Gnosis,2022-08-19,393.813,spotify:track:5M8MxHTeKAzmvj1gswt4cq,351
5iEEIyrBrSACCjegDm7m87,Devil Ascends,0fpuZdOJCzqm7Vyg9eUzjO,Raptore,394YUCEdUPkwgiDVXBVYRj,Blackfire,2022-07-29,143.075,spotify:track:5iEEIyrBrSACCjegDm7m87,352
01wRudo2vvYWpzT5w0P81j,Seeds of the Dead,5tgfw6rEJrNKXFkzIa0reH,Arsena,3vKumGr3hzYXgKwdV810d4,Seeds of the Dead,2022-08-26,298.644,spotify:track:01wRudo2vvYWpzT5w0P81j,353
6JcyZaJIfPBcQDakBZAoPk,Beating Heart Cadaver,2MUKaa8eaR56ajPImoyy3x,Draagyn,7Map1emBBnHQF5U9Ye80iJ,Bent Rib,2022-08-26,257.693,spotify:track:6JcyZaJIfPBcQDakBZAoPk,354
3raN3OHxmFyEm7E941Ez7T,Ritual of Anonymity,11tiA94VlUZOUTVCdQYw3a,Conan,7K63jlUitVPNKxbjrrMhtM,Evidence of Immortality,2022-08-19,216.318,spotify:track:3raN3OHxmFyEm7E941Ez7T,355
2ZvyKyR8oESJeakAZezMI2,Friday Night,10YNQq86z4shHwDSymTyWc,Cancer Bats,2t5FCFVFgKAuNhrGgFEZHH,Friday Night (feat. Amy Walpole),2022-08-18,175.136,spotify:track:2ZvyKyR8oESJeakAZezMI2,356
6S6KWV6SltScbAcOJU1arC,I Saw You Dancing,1Zdd7fqk5jtuMUwE7agpS1,Witch Fever,0PvgVoh30xJa3yicoZcwxx,I Saw You Dancing,2022-08-16,231.237,spotify:track:6S6KWV6SltScbAcOJU1arC,357
4FlDsUa12CnR9VJRaz6lms,Scandinavian Gods,7zDtfSB0AOZWhpuAHZIOw5,Candlemass,7p3pL8VOjMfjjRUEXetKst,Scandinavian Gods,2022-08-18,276.666,spotify:track:4FlDsUa12CnR9VJRaz6lms,358
35k3rFlVdXdf5K6wEqgkDO,Seize the Day,4WVIqFHJpDNINSp0rtAmG8,Freedom Hawk,5kMGixaHcHaIbriUkQgoGO,Seize the Day,2022-07-29,301.16,spotify:track:35k3rFlVdXdf5K6wEqgkDO,359
16sLgIiZAzczDatbxFxw2c,Poison Whiskey,5sW5eR9g4kNibasfrlw4EN,Spirit Adrift,2ZcnlqVOsNIFTgzomaK2EJ,20 Centuries Gone,2022-08-19,189.413,spotify:track:16sLgIiZAzczDatbxFxw2c,360
3kY0pJyTf1FrhjCljo48uO,All God's Children,3tn79LMMIdIT1T0TXumjaH,King's X,7v0jgR5kRjOXO4DgTZOHJT,All God's Children,2022-08-24,332.612,spotify:track:3kY0pJyTf1FrhjCljo48uO,361
7z3k76PrMc2JPxchJixplN,Queen Satan,2i1pwiHsoPzbnD74nnRZ2T,Savage Master,7KkyNfJqxOgzxCfmzYuLhi,Those Who Hunt At Night,2022-08-05,254.047,spotify:track:7z3k76PrMc2JPxchJixplN,362
6RzK7XvwxnRq6AKDklJS6L,"The Sick, The Dying… And The Dead!",1Yox196W7bzVNZI7RBaPnf,Megadeth,1ziUtOuRT545OI4cnHEMhC,"The Sick, The Dying… And The Dead!",2022-09-02,304.053,spotify:track:6RzK7XvwxnRq6AKDklJS6L,363
7MEIGXWygVzK6Ihxp3kotD,Broken,5HdFFzzKumvVRK4bAzpdwF,School Drugs,5Z2qww7FTTRQwkVDUQcjzR,Absolution,2022-08-26,65.565,spotify:track:7MEIGXWygVzK6Ihxp3kotD,364
3mN6aSMBoCtsYfEi7qqgh9,No Taste,5HdFFzzKumvVRK4bAzpdwF,School Drugs,5Z2qww7FTTRQwkVDUQcjzR,Absolution,2022-08-26,66.058,spotify:track:3mN6aSMBoCtsYfEi7qqgh9,365
2bQa7Zs3x913WnDlSC7uV1,Enemy,3m7JHlRsZs6jkvzWAnkyuq,Life's Question,3szSSG9C1WEMUPdkukrybl,World Full Of...,2022-08-08,200.568,spotify:track:2bQa7Zs3x913WnDlSC7uV1,366
1KvPQv3slB309TgKnGAuzj,Nothing to Prove,5mAMrrslgx4pi9PetOcGHg,Judy and the Jerks,3Np3la61I32SP5CutgxXd2,Music to Go Nuts,2022-08-01,67.276,spotify:track:1KvPQv3slB309TgKnGAuzj,367
2FjKFgP69J4vRd2IjFDrGK,"The Lightwedge 60's Race, Zombie Piccolos And The German",6KazgLPtdrHEYaV8Das5vk,Mammoth Volume,5FsJMvFOscMtrFcX7XgeBe,The Cursed Who Perform The Larvagod Rites,2022-08-19,208.974,spotify:track:2FjKFgP69J4vRd2IjFDrGK,368
6X7Y68iZsSQi42QIuUfOwu,Shoo-In,1iYDBcGNQxjwMivsLeg5vC,Rickshaw Billie's Burger Patrol,42r9ytzicvVHsNpZYvHEvn,Shoo-In,2022-08-24,145.714,spotify:track:6X7Y68iZsSQi42QIuUfOwu,369
6hwR15FUkn2q2IwnN2CN8s,Tip of My Brain,0qFMmMruAlPCHzJWAvOptL,Formation Ritual,30lbyvPe6GwY8xvtXfN3Ga,The Shifting Dust,2022-07-08,349.16,spotify:track:6hwR15FUkn2q2IwnN2CN8s,370
6k03JZGwXUirjH3GRK9S04,Damn The War,1Xz8iP9Dvl5uI88iraOhs7,Pentagram,4GxgcCWo66pl0hYT1GH0Eu,Makina Elektrika,2022-09-09,264.0,spotify:track:6k03JZGwXUirjH3GRK9S04,371
52iY11DWf4KYLNMAmiUJFl,Up the Tower,6jZGmfzyMFEaRvxr2rXtgN,Phantom Spell,2UaUFSK8UansXU8F8MeYw7,Immortal's Requiem,2022-08-19,241.24,spotify:track:52iY11DWf4KYLNMAmiUJFl,372
5YG4puJaov0GcnjlaVaYq4,When the Candle Burns Low…,0X41IVISCoYgYWT2PsfqoC,SONJA,1U6AdtLdMYpGKnniG78Q3a,When the Candle Burns Low...,2022-09-02,328.134,spotify:track:5YG4puJaov0GcnjlaVaYq4,373
32hyrDAps5p3jsoBGOHQIc,Shouku,4VUguuy2qoVGDMwH1tL7Qr,Sigh,4RbsEs32Y34iOZvc3TnDTO,Shiki,2022-08-26,330.471,spotify:track:32hyrDAps5p3jsoBGOHQIc,374
3ROQcr0U4X4qeS2qm5Ha7T,God Only Knows,6ZLTlhejhndI4Rh53vYhrY,Ozzy Osbourne,4u1LXToDGOdhDDf4c9zeqb,Patient Number 9,2022-09-09,300.656,spotify:track:3ROQcr0U4X4qeS2qm5Ha7T,375
2daoDEsF06ULueoH2eGhIg,Immortal (feat. Mike McCready),6ZLTlhejhndI4Rh53vYhrY,Ozzy Osbourne,4u1LXToDGOdhDDf4c9zeqb,Patient Number 9,2022-09-09,183.967,spotify:track:2daoDEsF06ULueoH2eGhIg,376
2prh4JE6gBHrQivR5KE2VZ,Caution,29xpUzbL2gwBW0VuHU26G8,Deville,5yrFkgYJZ3f2xutsdQXOyz,Killing Time,2022-08-19,271.613,spotify:track:2prh4JE6gBHrQivR5KE2VZ,377
7fOQIeXmgHpqHJBENL1HGL,Victim of Delusion,7fRtbrVBXuRjfpdyEiOBRK,Craneium,3WegQ4iFhHi7l5OhcAZbRm,Victim of Delusion,2022-09-02,237.5,spotify:track:7fOQIeXmgHpqHJBENL1HGL,378
1TC810G0XzfRVy18L0zl3Q,Bloodrusted Mother Earth,5tgfw6rEJrNKXFkzIa0reH,Arsena,5f2i7Jur3oXNzHNwbFzb53,Bloodrusted Mother Earth,2022-09-02,220.029,spotify:track:1TC810G0XzfRVy18L0zl3Q,379
0nvDQUOU02pE6v5TiRGfZv,Wheels Within Wheels,2xTveN5GIbAP7sHYpUm7W9,Tropical Gothclub,729L3Kqou9M6ENzXGH6Shn,Wheels Within Wheels,2022-08-17,195.589,spotify:track:0nvDQUOU02pE6v5TiRGfZv,380
2YSlzZatgpSGffYSplGcKH,Hers,280ynciDmBOnHdsAwrewis,The Darling Fire,1RBEu7EFxvnpU5c51uorHj,Hers,2022-09-02,264.803,spotify:track:2YSlzZatgpSGffYSplGcKH,381
4Dt9M2xvdMi8QEtrUsVSWQ,"Fuck, Then Die",0X41IVISCoYgYWT2PsfqoC,SONJA,7Ap2dUt3QS6CnJKiC126vG,Loud Arriver,2022-09-16,295.825,spotify:track:4Dt9M2xvdMi8QEtrUsVSWQ,382
579tXkS7NeS8rH35CjMVOD,World Full Of,3m7JHlRsZs6jkvzWAnkyuq,Life's Question,3szSSG9C1WEMUPdkukrybl,World Full Of...,2022-08-08,341.49,spotify:track:579tXkS7NeS8rH35CjMVOD,383
5dZEWLFTHuaz8lq3ryNYoV,Playin' Hell Tryin' To Get To Heaven,3m7JHlRsZs6jkvzWAnkyuq,Life's Question,3szSSG9C1WEMUPdkukrybl,World Full Of...,2022-08-08,253.952,spotify:track:5dZEWLFTHuaz8lq3ryNYoV,384
6Z6SIHPQAvGpOBZsS1U9TG,Seek And Destroy,1Xz8iP9Dvl5uI88iraOhs7,Pentagram,4GxgcCWo66pl0hYT1GH0Eu,Makina Elektrika,2022-09-09,415.975,spotify:track:6Z6SIHPQAvGpOBZsS1U9TG,385
00QHcfPc97btLJm3TphC9P,Stratosphere,18jTFcgHRRYHdwdof1MDZw,Thundermother,0u2sUu2vpAA7ihwscVuPuV,Black and Gold,2022-08-19,201.529,spotify:track:00QHcfPc97btLJm3TphC9P,386
4gONnzZgTZFf8XrnK3ioSJ,The Call,6Qp3V8BMdQRvQg696Ih863,Hoaxed,7vqNOo9MC13WV2cFlU5dHu,The Call,2022-09-01,184.937,spotify:track:4gONnzZgTZFf8XrnK3ioSJ,387
0vAGa3Ff6KUEKx2HSIBTWn,Ritual Violence,5tgfw6rEJrNKXFkzIa0reH,Arsena,1m9qfXz3dKoCQh6HlKNpWp,Blood Rusted Mother Earth,2022-09-09,356.928,spotify:track:0vAGa3Ff6KUEKx2HSIBTWn,388
2sMI49wIGOac963NljeNap,Age Of The Idiot,4WVIqFHJpDNINSp0rtAmG8,Freedom Hawk,3dtMQtp9GwCpO3FqM4FSaU,Take All You Can,2022-09-23,236.12,spotify:track:2sMI49wIGOac963NljeNap,389
4NJrp02maiG30Aihxebxy8,Killing Time,29xpUzbL2gwBW0VuHU26G8,Deville,5yrFkgYJZ3f2xutsdQXOyz,Killing Time,2022-08-19,195.92,spotify:track:4NJrp02maiG30Aihxebxy8,390
3RfK7XioFJ4ZDZSIb4cQzm,Giving The Past Away,1GDjwZ2zwNZizuNJPmH3mE,Quicksand,7qBUAfoQWv76k8I1Gi7pBc,Giving The Past Away,2022-08-31,211.237,spotify:track:3RfK7XioFJ4ZDZSIb4cQzm,391
06cqx49W5fzvVDslIshZzD,Loud Arriver,0X41IVISCoYgYWT2PsfqoC,SONJA,7Ap2dUt3QS6CnJKiC126vG,Loud Arriver,2022-09-16,339.092,spotify:track:06cqx49W5fzvVDslIshZzD,392
77CyELCJEELTPBJNytEhyn,(I Am) In Kommand,6RNuNpxyKhqaGRQTboO3Kf,Sword,72xbc0huQhgMNXs7XFkSV8,(I Am) In Kommand,2022-09-12,247.508,spotify:track:77CyELCJEELTPBJNytEhyn,393
1f5aqQHt4y7m3BykczaIpA,Black Sheep,2i96lKXt42EBg8j9paAeOf,Sonic Flower,6yjOnovxAwMfAbFWHkSNmP,Me and My Bellbottom Blues,2022-09-30,400.713,spotify:track:1f5aqQHt4y7m3BykczaIpA,394
6Lp3UMAqqOIHkQC9NYbSqn,Like Hell,3fABaDSFO3HNDno3EGIIip,Abrams,4fxH2eQdwjhJFsr6MUM063,In The Dark,2022-09-09,239.165,spotify:track:6Lp3UMAqqOIHkQC9NYbSqn,395
71YT7JxU6etsde4vTUz1BF,Demons,2S3xwpueZpPVUDTTv7Wefx,Gothminister,49YrBIMYXJy9AzK47mxAoK,Demons,2022-09-23,216.986,spotify:track:71YT7JxU6etsde4vTUz1BF,396
7j8wuFNfwgRuGJvi1vY5qI,Come On Down (feat. Joe Talbot),18TNVFTJ6WfeicsMRrdJHI,Metz,2vTfTn3WEjwoNHLpA1bumO,Come On Down,2022-09-12,204.17,spotify:track:7j8wuFNfwgRuGJvi1vY5qI,397
1z6ZFbUhuMss2fYmMjWRkH,Mashhit,05C3EDw4Rf0qMhrdjFKncL,Fucked Up,4aFTDk1rem6FvyylkIXwOT,Oberon,2022-10-06,359.928,spotify:track:1z6ZFbUhuMss2fYmMjWRkH,398
1gS3dzR3yZ0Xa5YiU32xLR,Children of the Revolution,1vKXAkXBGSbjgGcOPYLI6j,Årabrot,2BbjZMR5MGf76rZ8nNElGm,Children of the Revolution,2022-10-10,156.078,spotify:track:1gS3dzR3yZ0Xa5YiU32xLR,399
42TPfiAllAzxUy0mVGYRZo,Call of the Void,6uejjWIOshliv2Ho0OJAQN,Devin Townsend,69pe2fyySxWt8Uf5stFr60,Call of the Void,2022-09-27,353.088,spotify:track:42TPfiAllAzxUy0mVGYRZo,400
03Dw4bYwAnKKh1dN43QX6F,93,5PIuMlRY9PSLUSFzs6lQu1,Liturgy,24fqrDVfyRrSevwmiXK2Fb,As the Blood of God Bursts the Veins of Time,2022-10-05,272.804,spotify:track:03Dw4bYwAnKKh1dN43QX6F,401
3u5rtZfdcQbVZdg63ijSBx,LIVE BY THE GUN,6dOCTX1ATvti0d4uaxwlO3,Lionheart,08BrgaoGGD278VaS3ks9BC,LIVE BY THE GUN,2022-10-05,213.813,spotify:track:3u5rtZfdcQbVZdg63ijSBx,402
1iUdrgwP2axNjWhlzjVgUH,Good Day to Be a Bad Guy,6Cvzf33JDzCIw2eJU8npQo,Wednesday 13,4m5wnR3JDdXMAwmA5ZBNjf,Good Day to Be a Bad Guy,2022-10-05,231.131,spotify:track:1iUdrgwP2axNjWhlzjVgUH,403
4RskPBwi1q6KdvQKfyFPA9,Born To Raise Hell,1li4j1i1QQJHnYzbgOuwKw,M.U.T.T.,7ve3beBfQkkgi74jyjJx6k,Born To Raise Hell,2022-10-10,122.026,spotify:track:4RskPBwi1q6KdvQKfyFPA9,404
6y5NRns20079BBIRh0u1gI,In The Clouds,3fABaDSFO3HNDno3EGIIip,Abrams,4fxH2eQdwjhJFsr6MUM063,In The Dark,2022-09-09,179.061,spotify:track:6y5NRns20079BBIRh0u1gI,405
2KKUSuLLPGyOBMvkmLgh2A,Can’t Get None,4us4NMG5wuqdUZvthZrj0Q,Militarie Gun,4amZwmwUtq1tGjarLqtvYV,All Roads Lead To The Gun (Deluxe),2022-10-21,143.562,spotify:track:2KKUSuLLPGyOBMvkmLgh2A,406
3vBLbzaqKlJgDfquAEuZ5B,Beauty and Grace,1Zdd7fqk5jtuMUwE7agpS1,Witch Fever,7IsKOyk8quTcg8bpRptkgw,Beauty and Grace,2022-10-14,129.179,spotify:track:3vBLbzaqKlJgDfquAEuZ5B,407
01WuvFpI2JYE7TfoqPSnWl,Freedom Is My Belief - MMXXIII Version,7gqKcfoY25do9k18uCCgIT,Bonfire,05KMBhhqiqxoH0QAVUuvxS,Freedom Is My Belief (MMXXIII Version),2022-10-14,266.227,spotify:track:01WuvFpI2JYE7TfoqPSnWl,408
4kFmClObqlzcasVeUUqDmt,Blennoid,2OPhyle1utlCe9cYR4pAhA,Coffin Torture,7iOqed2l70SkB9zUh0SSR4,Blennoid,2022-10-07,270.001,spotify:track:4kFmClObqlzcasVeUUqDmt,409
2pIJXs1uzSCUX1npq5xlww,Alive & Not Well,3NFvorn4wvIOqrDLJbXroK,Doodseskader,3RFW8m1xwoWA0vsLvroDMe,Alive & Not Well,2022-10-05,245.588,spotify:track:2pIJXs1uzSCUX1npq5xlww,410
0dDs144SVansAFynvKYQMW,Our Time Is Now,0GDGKpJFhVpcjIGF8N6Ewt,Gojira,4tHLRx3g4JwIHlzlz4D7wA,Our Time Is Now,2022-10-14,271.417,spotify:track:0dDs144SVansAFynvKYQMW,411
7KLghXdCNPKvo2Vw2MG3on,Never Say You're Sorry,6aVjo0xHSiuW5hkasoYSR3,Melvins,0gu6pNUImVJghf6S9lUv2V,Bad Mood Rising (Standard),2022-09-30,325.72,spotify:track:7KLghXdCNPKvo2Vw2MG3on,412
7hlB9kaYyOEcTpOKguHpC3,Not Human,6VDAPUov4yNDHyQlPqrpNH,The Dead Daisies,7yLiXb59hYb9d4TRtj6iGf,Radiance,2022-09-30,253.798,spotify:track:7hlB9kaYyOEcTpOKguHpC3,413
6dfqQ2QZgTXEPbABSmuNpg,Siege Warfare,4M3EzJBgOCW0MFc54EBEqQ,High Command,3DTP3aMHIYQjsKV3om1lXl,Siege Warfare,2022-09-27,212.989,spotify:track:6dfqQ2QZgTXEPbABSmuNpg,414
71fwX94eYdQdhvMCYcskbX,Rotten,2Tl7uZui4u9a3nXUM9VMei,Mindforce,3ooHHRgO3lE9JjCXAwZAqz,New Lords,2022-09-16,212.012,spotify:track:71fwX94eYdQdhvMCYcskbX,415
6KUQ9qFP2haDkmO829ANbd,Thirteen And Mean,2Tl7uZui4u9a3nXUM9VMei,Mindforce,3ooHHRgO3lE9JjCXAwZAqz,New Lords,2022-09-16,152.106,spotify:track:6KUQ9qFP2haDkmO829ANbd,416
5fGWzowOzWp4jAcnNeun5Z,Lightworker,6uejjWIOshliv2Ho0OJAQN,Devin Townsend,7pl7u3aa6YDWKi29W3t4xq,Lightworker,2022-10-25,329.249,spotify:track:5fGWzowOzWp4jAcnNeun5Z,417
5OHlz8CDzbT0EGLKb6wnXA,Ants and Dragons,5o7MNRaQrt87SwYWxHEZvN,Dead Cross,3HDd5hQcSSlyzhixp7B4wY,II,2022-10-28,227.226,spotify:track:5OHlz8CDzbT0EGLKb6wnXA,418
3UFSe4iiVKQUw845gJKrdM,Blood Red Sun,0qFMmMruAlPCHzJWAvOptL,Formation Ritual,6lbgUenL1FHKubyUo5H39D,Blood Red Sun,2022-10-31,268.942,spotify:track:3UFSe4iiVKQUw845gJKrdM,419
2s2UMDUSB9BHW8pkXHRB9K,And If My Body,4sP7ipyYUfdkpzCEP0kSw2,Friendship Commanders,3IU6XlKKshVkSUW7uCAwJw,And If My Body,2022-10-21,255.923,spotify:track:2s2UMDUSB9BHW8pkXHRB9K,420
400jc0romvMvPCn7Mmnkyy,One Day,05C3EDw4Rf0qMhrdjFKncL,Fucked Up,7lAzdksuYfjKfGf2B6CplG,One Day,2022-10-25,302.91,spotify:track:400jc0romvMvPCn7Mmnkyy,421
0aDGuNGrDzzhfLhxStxp6X,Strong and Wrong,5o7MNRaQrt87SwYWxHEZvN,Dead Cross,3HDd5hQcSSlyzhixp7B4wY,II,2022-10-28,200.52,spotify:track:0aDGuNGrDzzhfLhxStxp6X,422
3ErQbRuLdafRrhIf8Ceefa,Right Way Back,0MnazDWzh4tAnT5y4vWZFr,Crown Lands,2H8QnNAriPg1S0X5R45Itq,Discover Crown Lands,2022-10-21,231.179,spotify:track:3ErQbRuLdafRrhIf8Ceefa,423
0FuxK5rKSaHq58svnOaO73,Felíz,1GDjwZ2zwNZizuNJPmH3mE,Quicksand,1AuXDucHakfrZb2EqrdfeL,Felíz,2022-10-25,167.654,spotify:track:0FuxK5rKSaHq58svnOaO73,424
5ySONRmysntQPDKLrraDEm,A Pacifist's Guide to Violence,604HhRLmc5DXNS221XKm3a,Psychonaut,7kGPIrJmr3pBocTyVfXHYH,Violate Consensus Reality,2022-10-28,209.16,spotify:track:5ySONRmysntQPDKLrraDEm,425
39ACR7Th3UoX1ZP9gIYHwl,HELL ON EARTH,6dOCTX1ATvti0d4uaxwlO3,Lionheart,1ZKO0oVZ3qZpcu5PAxXm6U,HELL ON EARTH,2022-11-09,180.853,spotify:track:39ACR7Th3UoX1ZP9gIYHwl,426
3A54tdbCgDX2vYzjjqGMlv,Fortified by Bloodshed,4M3EzJBgOCW0MFc54EBEqQ,High Command,0l7KbR4AxPTAVs9R22MrIM,Fortified by Bloodshed,2022-11-08,352.042,spotify:track:3A54tdbCgDX2vYzjjqGMlv,427
5axyWGdTj5kriYkQIYFBrT,Born to Fly - Radio Edit,6VDAPUov4yNDHyQlPqrpNH,The Dead Daisies,6EUYVeTkzhQqvEg8K1ZCmw,Born to Fly (Radio Edit),2022-11-11,180.414,spotify:track:5axyWGdTj5kriYkQIYFBrT,428
6lcoCoOTzz4q2qiCwuKvqQ,Buzzed Aldrin,32f6PUD1ymsNKvEGuCKZFP,Bong Voyage,3mM4UQgvapyHmgNuKNopdv,Buzzed Aldrin,2022-10-22,408.705,spotify:track:6lcoCoOTzz4q2qiCwuKvqQ,429
6RtZJcRXXJ2IPrO9gFihBT,TING TING,3PsLxyLABzuf3dUMpS05Mp,Processor,4Vm7kvDOGlucZ4Xm4BCJ79,TING TING,2022-11-04,197.824,spotify:track:6RtZJcRXXJ2IPrO9gFihBT,430
2jHCuaT5m1iXLnugNCERSh,The River,4UVyBJPlg3bV69JZk1trYq,Prison,2nLucUgoU2DW05o2FUEULd,The River,2022-11-04,218.9,spotify:track:2jHCuaT5m1iXLnugNCERSh,431
02xliGbqxFVQGRctSA7V1G,Mr Medicine,1F7QDWyZTLGzkyGLgFjEhU,Pigs Pigs Pigs Pigs Pigs Pigs Pigs,0Ne4VAoUWMv7ZB8XR4KTKx,Mr Medicine,2022-11-01,146.666,spotify:track:02xliGbqxFVQGRctSA7V1G,432
0BzGLz4TOknpbLqtJPbVBK,Plea to the Heavens,02e3A4YF2nKbf4NMezvKvL,Ninth Realm,06aP2l0zQRDvvAHm45qDH5,A Fate Unbroken,2022-11-04,269.555,spotify:track:0BzGLz4TOknpbLqtJPbVBK,433
2JRK94FUOQlutcRtPDKwjG,Dream Lover,1OORz6OQp4nlIPq65LpkhR,Intranced,0nd2v3EnodHAiiF9aXJkiw,Intranced,2022-09-23,168.828,spotify:track:2JRK94FUOQlutcRtPDKwjG,434
3DRLXDqJVGJJgMMCX5uD9w,Acid,5sn6aQFrJvjsSIuaomA4to,MSPAINT,6NaQWTw424w8apdQ4J1pVP,Acid,2022-10-11,165.359,spotify:track:3DRLXDqJVGJJgMMCX5uD9w,435
4hOpdGJMC4TMdjMqcK0MAi,A Storm Approaching,604HhRLmc5DXNS221XKm3a,Psychonaut,7kGPIrJmr3pBocTyVfXHYH,Violate Consensus Reality,2022-10-28,348.373,spotify:track:4hOpdGJMC4TMdjMqcK0MAi,436
6bBGSN0kqvgRuwTjZ3Wnr2,Beyond the Gates of Hell,0R7Gm5z32NOYcpwScO1JSh,Rising Steel,6RAXMWQ3hq8kR7S2QgvNzo,Beyond the Gates of Hell,2022-11-18,353.335,spotify:track:6bBGSN0kqvgRuwTjZ3Wnr2,437
1rkVk1EbDzzTxED8Zm6c4C,Embers,5mPSuVF1DeqeY3SpIt2f00,Induction,1DJu0m65a7He0lyFRVN28Z,Born From Fire,2022-11-25,229.213,spotify:track:1rkVk1EbDzzTxED8Zm6c4C,438
0PYfizvytetsp7sEpgmF1r,Champions,5H2DFNCrBR3OSr4AJn3U2O,Crowne,5AcsxvBcnYIFQxt83S4fBb,Champions,2022-11-15,202.492,spotify:track:0PYfizvytetsp7sEpgmF1r,439
1mv0YmEaeYuhzwl1ekAuxw,A Fate Unbroken,02e3A4YF2nKbf4NMezvKvL,Ninth Realm,06aP2l0zQRDvvAHm45qDH5,A Fate Unbroken,2022-11-04,278.075,spotify:track:1mv0YmEaeYuhzwl1ekAuxw,440
5otlV876xC9h8VjfBHgb0g,Found,05C3EDw4Rf0qMhrdjFKncL,Fucked Up,7KKw0c6mIDXedHDn7HJtEB,Found,2022-11-15,229.868,spotify:track:5otlV876xC9h8VjfBHgb0g,441
3cFstfrvlhDTF7QwNnJaSn,Viva Las Vegas,30U8fYtiNpeA5KH6H87QUV,Dead Kennedys,193bYwZs05GxfqbNB3grF0,Fresh Fruit For Rotting Vegetables,1980,162.293,spotify:track:3cFstfrvlhDTF7QwNnJaSn,442
41y7j0afdMocjig4tgwN29,Unleashing Hell,6RNuNpxyKhqaGRQTboO3Kf,Sword,5oAbYfHwEtebk9H58QXxMi,III,2022-11-25,236.854,spotify:track:41y7j0afdMocjig4tgwN29,443
1c6QJiuuutFWwoLqpg0Wbk,A Thousand Dead Witches,26x372PAVYvx68XalCRPp4,The Abbey,5y9BA7DyRdwo0BIuhtihxW,A Thousand Dead Witches,2022-10-31,275.173,spotify:track:1c6QJiuuutFWwoLqpg0Wbk,444
21GUZTFzWO0K9cgHarT5TI,Hypatia,1vaV3Yw87AF9zVLMrsNVxY,WARLUNG,2zjyShHNoXso24J8AsdL7D,Vulture's Paradise,2022-11-04,281.693,spotify:track:21GUZTFzWO0K9cgHarT5TI,445
27ACOV397FBEv3SGYbfryh,1745,3NFvorn4wvIOqrDLJbXroK,Doodseskader,1pGvsvsQJdg2ZsiTK6s2H7,Year One,2022-11-18,271.355,spotify:track:27ACOV397FBEv3SGYbfryh,446
273Be3yr2GWJM4YRA1eRxK,Crescent Horn,6LTyTOIhMplVisnE1CLR5a,Bastard,1F9bGER1ceaBX9qRLFkSru,Rotten Blood,2022-03-11,243.7,spotify:track:273Be3yr2GWJM4YRA1eRxK,447
0YJhLrNjfPQZYjppLXhrc9,sunset girl,04tDiz6koPFuo5JBZyLgFg,Sadness,0W3PdCZa9Sgw5Wpd5HR4fc,our time is here,2022-04-03,215.378,spotify:track:0YJhLrNjfPQZYjppLXhrc9,448
1YcAT8wzQpk12OOJcBcOT5,One Twenty Two,4kRYDoAbgDL7nqeqZhJlA3,Botch,2F2GdWHz62uzpsgNtF7mfd,One Twenty Two,2022-08-24,136.291,spotify:track:1YcAT8wzQpk12OOJcBcOT5,449
1w2DEorfquOgL92UTc9Oec,Human Capital,781vvvQYKgDjg3i90b7vtV,Bad Breeding,50e9l0RpAg583vCVlUsCOm,Human Capital,2022-07-08,286.888,spotify:track:1w2DEorfquOgL92UTc9Oec,450
3dJlIrHwx8RYLjM0wAZD6j,The Knife,3Gkit5uLARc6bv3AyYrh5Q,Royal Thunder,5eHvkUXLmxfWDKzWGmlZ4y,The Knife,2022-11-11,207.166,spotify:track:3dJlIrHwx8RYLjM0wAZD6j,451
039LjnW10JKYN3kfEo4wZ0,Cold & Distant,3jmqk617nnjalSiZUCaaBi,Hangman's Chair,0cVHeZCI9YO7zovnvacfhy,A Loner,2022-02-11,309.293,spotify:track:039LjnW10JKYN3kfEo4wZ0,452
03H21hhaJ4jQZiJUxvxpbD,Into the Fire,7uKoxJsvfOjGnzn1GIWQ3G,ASOMVEL,1iSWoxs4gzbS1GKg0uotIg,Into the Fire,2022-02-18,193.41,spotify:track:03H21hhaJ4jQZiJUxvxpbD,453
6P6h9RdPJxPWqFqpLFIYA9,The Wolf You Feed (feat. Alissa White-Gluz),73GhYkwfPQzmfJb1cdPqPf,Nita Strauss,0RldApXzFEBMTvPetGTIcF,The Wolf You Feed (feat. Alissa White-Gluz),2022-10-25,234.0,spotify:track:6P6h9RdPJxPWqFqpLFIYA9,454
3irkZrFRdtIgc9xmbb95In,Cloaked,3uHCTHxtg3IVAvhyrYsZvI,Rolo Tomassi,3821HxVYaIwRA9DLfo8GHa,Where Myth Becomes Memory,2022-02-04,234.955,spotify:track:3irkZrFRdtIgc9xmbb95In,455
7AyllcfefWI33hVIg6x9Q1,Necrobionics,1vbr39xw4sKFUOiogA0DWN,Undeath,5pL9YDRmrXWNPEJGKiYUXs,It's Time...To Rise from the Grave,2022-04-22,211.267,spotify:track:7AyllcfefWI33hVIg6x9Q1,456
60Lzj3jV1ZQRdzX9cEU92y,Don't Follow the Lights,3xIrP1oPgrtB8LvEUfqIqN,Hammers of Misfortune,7fJYG6f3MUrE6KEAr4hBDk,Overtaker,2022-12-02,279.095,spotify:track:60Lzj3jV1ZQRdzX9cEU92y,457
5I83dKPmLXKpeyCWYVkDdw,F*ck My Anxiety,5IhRC86twNb6XePyW4i05E,STAKE,3uOaDRKRilIlyyv06e38ho,"LOVE, DEATH and DECAY",2022-09-30,216.24,spotify:track:5I83dKPmLXKpeyCWYVkDdw,458
6RW7abeDBvFCuhxPLWklW3,Comatose,3utxjLheHaVEd9bPjQRsy8,Coheed and Cambria,5YRtvIMApwxnUTcWUBcaON,Vaxis II: A Window of the Waking Mind,2022-06-24,190.431,spotify:track:6RW7abeDBvFCuhxPLWklW3,459
235IZurAgYuVOElnIXlqdB,PMS,32rI2a65NqHEnTAewmPNEC,Voice of Baceprot,5s29PCqC9DrkdRtyLHDZX3,PMS,2022-11-02,211.334,spotify:track:235IZurAgYuVOElnIXlqdB,460
0tSEij00B4RWLA5S2j94Zr,The Night (Take It Back),2qD61usRMV5pB6jAbSSXxi,Ripper,0oR2QEPpFSB2Lf6Yka3GVb,Return to Death Row,2022-12-09,192.88,spotify:track:0tSEij00B4RWLA5S2j94Zr,461
2teWPI7NQF1EAyLW8B4iYN,From Darkness,0R7Gm5z32NOYcpwScO1JSh,Rising Steel,6RAXMWQ3hq8kR7S2QgvNzo,Beyond the Gates of Hell,2022-11-18,209.277,spotify:track:2teWPI7NQF1EAyLW8B4iYN,462
07WyxZGKRlmfIrLeDGSlgC,Kill Or Be Killed,4URqOJzsxi8v2OU3Yxx4y6,Ancient Remains,2f1kYxnMA3uNFLYDQsvsRi,Kill Or Be Killed,2022-11-11,266.348,spotify:track:07WyxZGKRlmfIrLeDGSlgC,463
7q53QRZ2Tdk3zcs8Ue67DV,Empty Kingdom,22OfTwWAZCFEoblae5MsvR,Silent Monolith,5C5PKzeZ114SwIMQKV7AXM,Empty Kingdom,2022-07-16,244.333,spotify:track:7q53QRZ2Tdk3zcs8Ue67DV,464
5s7UYYdtvrpR2hlNkv2P6K,Fantasy - MMXXIII Version,7gqKcfoY25do9k18uCCgIT,Bonfire,6BVL0mL3aeezCOuFFLwkRL,Fantasy (MMXXIII Version),2022-12-16,262.045,spotify:track:5s7UYYdtvrpR2hlNkv2P6K,465
5bGiwUcYZSmVegj8sYw3Af,Bitter Soul,6HV2ATap9CHsc4EcZnzc4u,Highway Queen,5dtcpGJJK8bT6AvhS0jZ7p,Bitter Soul,2022-10-20,239.055,spotify:track:5bGiwUcYZSmVegj8sYw3Af,466
5qnxxje265H0fPe1R2688k,Return of the Warlords,1vaV3Yw87AF9zVLMrsNVxY,WARLUNG,2zjyShHNoXso24J8AsdL7D,Vulture's Paradise,2022-11-04,227.933,spotify:track:5qnxxje265H0fPe1R2688k,467
59C2segMmjiPxcoZyUtPAv,Heart Racer,2n2CFWBptwnIKqnPboIG4a,Panik,2zVAfsJc9na7TvziW1TShO,Heart Racer,2022-11-11,218.071,spotify:track:59C2segMmjiPxcoZyUtPAv,468
1UIl0GpCiFQ03765dfiemZ,False Awakening,3WLWnYF2ck1BMIqwCUN80Z,Feed After Midnite,5RWVAmWHUMiNgjiYbGib2K,The Hunger,2022-11-25,242.5,spotify:track:1UIl0GpCiFQ03765dfiemZ,469
09J9qdc3gOR14WF3mvEHoX,Firewake,6yCjbLFZ9qAnWfsy9ujm5Y,Zeal & Ardor,4rf0rEWBkexEneZBSxZDuO,Firewake,2022-12-07,221.338,spotify:track:09J9qdc3gOR14WF3mvEHoX,470
1oQc7ebfr4unGdUTlad9of,Until Falling,4T3zk8OMwpondwavcnTZeQ,Stoned Statues,4zGPzMSMUwxcYJRuN5twAc,Until Falling,2022-11-04,262.0,spotify:track:1oQc7ebfr4unGdUTlad9of,471
7hdxD6pTv4lLKndy8QkNlG,Feverlung,32f6PUD1ymsNKvEGuCKZFP,Bong Voyage,5HjtRKAmtC5oKKlzobSpj6,Feverlung,2022-12-09,363.12,spotify:track:7hdxD6pTv4lLKndy8QkNlG,472
78gaEZUtib1FakHy1DWsOG,אוהבים אותך יא טאמבל,2YLRhPggvGSfODSnpF1Omq,Tabarnak,2j2r3J5M8dMrZWa1Y2ILuk,אוהבים אותך יא טאמבל,2022-12-04,143.522,spotify:track:78gaEZUtib1FakHy1DWsOG,473
