id,track_name,artist_ids,artist_names,album_id,album_name,release_date,duration,uri,playlist_offset
10VKxzvtP2nnpDNlt9VzmF,Beast Vision,"14TybdraZ1mixyPmP4gjj8,2qD61usRMV5pB6jAbSSXxi","Steel Project,Ripper",4cp18yhtTJp4hi6DvFFwQI,Beast Vision,2023-01-06,256.883,spotify:track:10VKxzvtP2nnpDNlt9VzmF,0
2pRatK6tRaabghfX0SYT0P,Operation Phoenix,5H2DFNCrBR3OSr4AJn3U2O,Crowne,05UVAzd0INqNiBwwBtNPlN,Operation Phoenix,2023-01-05,355.357,spotify:track:2pRatK6tRaabghfX0SYT0P,1
7mN0DC6ctLO1GhkoUgrjHZ,Jingle Doubt - instrumental,3PsLxyLABzuf3dUMpS05Mp,Processor,3GWEn4ullbTmikKaFSZiZX,Jingle Doubt,2022-12-16,191.489,spotify:track:7mN0DC6ctLO1GhkoUgrjHZ,2
13WFXzUDLXaGhVzMKBRXAi,Black Sabbath,7FhkwcO8Jd7BRWdllBpXBJ,Rotting Christ,2nXluKf0mwjMBIKxTW1EOa,"The Apocryphal Spells, Vol. II",2022-12-15,361.036,spotify:track:13WFXzUDLXaGhVzMKBRXAi,3
2CkpD7gqMXrrpTCJ9TZ0bw,The Serpent and the Rainbow,"1VPmR4DJC1PlOtd0IADAO0,4OYIkXBBN6ET96coWyWAXh","$uicideboy$,Germ",7mxSvZIgElLmVTdUfVNQFz,DIRTIESTNASTIEST$UICIDE,2022-12-16,177.289,spotify:track:2CkpD7gqMXrrpTCJ9TZ0bw,4
2JOJbznO8EKV8anIBGfv7w,Eating Emeralds,1s32niwuZQOoGNcwUTIaSC,A Pregnant Light,6rvbmTsMDIzEixNSazUb4a,Eating Emeralds / Threshold Angel,2022-12-16,225.971,spotify:track:2JOJbznO8EKV8anIBGfv7w,5
4pIEmQfdzrcJR6bQCEvZau,Machine Organism,7qxYCk41GtTm8KDOwqM980,Abandoncy,4gPuUF0zkCJ53ZA0KMzBal,Split,2023-01-06,106.066,spotify:track:4pIEmQfdzrcJR6bQCEvZau,6
0R55DciBoVWWUV594XYc2j,A Few Words for Love,14M2CyExjuwWrJlJGYvg6T,Akiavel,23MilzM0eWMStXn0rI85Jh,Veni Vidi Vici,2022-12-23,184.946,spotify:track:0R55DciBoVWWUV594XYc2j,7
4wBT4adP38uZaEJDe7V22Y,Wasting Away,1v9AHBkWnChK6jhYOtDGr6,An Absence Of Colour,76USqQjXD6ZVFbqUQkd0kX,Wasting Away,2023-01-01,204.233,spotify:track:4wBT4adP38uZaEJDe7V22Y,8
02oYJAw0Kmvy6UtdxFr2YI,Fake my Death,"3ok1L4A5TZ0kC6ZJXx7M3E,6TVtKZAEITKzwJIK7uMY2k","Ancient Radiations,Softeyes",6izbvgWLR8nN4RzzQ2Ep8A,Separation Anxiety,2022-12-10,263.111,spotify:track:02oYJAw0Kmvy6UtdxFr2YI,9
6jOOdgTvymsHiXJVlYVB3Z,My Brother,20dX1he8lmbvJuiHO15cYE,Apart From Me,4FHxa05ZlEUTnsu98B5a2O,Apart From Me,2022-12-09,230.0,spotify:track:6jOOdgTvymsHiXJVlYVB3Z,10
0QSOC0waja1MQr4qM6WWGu,Mi Legado,2FeoaGBKEpEpjHZjz39GZZ,Arcano Boreal,52iayMyxZQdHs0Yma1amEZ,Mi Legado,2023-01-06,236.645,spotify:track:0QSOC0waja1MQr4qM6WWGu,11
6e8Scq3yPrpCpnSUjLJsgF,Ghoul - Live,3h6F7NaadGF3Ayf3FJBjdR,BRIDEAR,5A7yUh8MvhXIhwY0RCygeB,Ghoul (Live),2023-01-06,299.99,spotify:track:6e8Scq3yPrpCpnSUjLJsgF,12
5orOxu28EM1NigbNLG18nn,Mother Of Sorrow,"4DPoTijG7GCTIvIyRMm89l,1qcVACzI8eTPANkhYtXM8r,0DlST2L7efoM5Lb0uxG3Tx","Beneath an Obsidian Sky,Dan Tucker,Crown Magnetar",2dVvdZFFLmeGrWSAKMZ4Mm,Noctem,2022-11-25,304.444,spotify:track:5orOxu28EM1NigbNLG18nn,13
0FB5RGj1qwh4x8grFbiYDn,Flow,"0Ca8QNi2jA2pemnFC6Rydj,3CJshVeVyOmL8H1RlcXiIX","Bernth,Syncatto",0tJxWTiYYvX7drrvzc2l5G,Flow,2022-12-10,185.503,spotify:track:0FB5RGj1qwh4x8grFbiYDn,14
0pryEgKA3r3AGSfhh6us28,Counter Corruptor,04EzrrhYAQ81Go4FJ0prtu,Blush Response,3hxftuyUdk5YATAVqT1gcP,Hypermania,2022-11-29,315.692,spotify:track:0pryEgKA3r3AGSfhh6us28,15
2fLspcYU2TezhBORSmFYfS,Prescribed Skies,7i2OQnh5CDETdLpdAzzYUL,Carlton Melton,4qs5OjK2CxqZgVmKQ00iVB,Prescribed Skies,2022-12-02,679.04,spotify:track:2fLspcYU2TezhBORSmFYfS,16
4qfQmOEXrgWM5Y8l7w1ufn,A Face Like God,7xy3YVfcucKphjUeALyPFL,Casey Sylvan,7LwieexitL05VVPnIILqH6,A Face Like God,2022-11-29,209.08,spotify:track:4qfQmOEXrgWM5Y8l7w1ufn,17
4bs2CDrrVE8d0rtlTej7H9,On the Line,"1cJ1r7W4A75imINiMVuwmE,1pRMILWpvF1dCXtTzxH8hG","Combustion 96,Jon Howard",57wZfGLCT5YsIZgSSspiC8,On the Line,2023-01-03,200.52,spotify:track:4bs2CDrrVE8d0rtlTej7H9,18
2WvV0bqufQJnx9Vb5e2lR5,In Gehenna,5e2sSh9tBBIL7IPFZP5Lzf,Contrarian,5UfM6SVBvYMzLmaqDfUiO0,In Gehenna,2023-01-06,320.645,spotify:track:2WvV0bqufQJnx9Vb5e2lR5,19
0KNHWS6UyXUe5OcaHdB2n0,Immortal Eyes,"6O0Ij7ccnoQ4DZMVhSMi36,6J7sKyU9WmhEFLHvUt1ZsV","Crown of Madness,Matthew Pancoust",6IKhcNBEA39qyKjSVbCSaF,Immortal Eyes,2022-12-20,251.856,spotify:track:0KNHWS6UyXUe5OcaHdB2n0,20
1vstyF8biFPWuweqEGJZnq,Wither,6wkudvL54bLi0aJVO6jcxe,D-Mad Devil,3IrOXTH3WASAKLQ2kPb79Y,Wither,2022-12-22,276.923,spotify:track:1vstyF8biFPWuweqEGJZnq,21
1H0HP2mqLRJtgfYisSEDWo,Separate Ways (Worlds Apart) [feat. Lzzy Hale],"5P5FTygHyx2G57oszR3Wot,3Nbau9SoiH72jmJdUTqjOY","Daughtry,Lzzy Hale",6q3H4YDdXRgKmXeNEdECrQ,Separate Ways (Worlds Apart) [feat. Lzzy Hale],2023-01-05,316.458,spotify:track:1H0HP2mqLRJtgfYisSEDWo,22
3u99BKGafztR4fZZF9ETl3,Fallen,"1licEe6otups9cVW1Wb5kg,1LAUNbSi4NHJfXGvgOoBFy","Decathect,Waldgeflüster",74nqqhRk7XJpJJnJ1KF2pS,Fallen,2022-12-07,318.735,spotify:track:3u99BKGafztR4fZZF9ETl3,23
5OCByq3qCD9NCocgMWMbAe,Haffmilch Holiday,"2gimLFOH1mSmd8EAjmyQEC,1OkYyMwTFtCIl6Jn664Xtx,3jLCHiuXBTGEEku37TsobP","Decisive Pink,Kate NV,Deradoorian",5oTPM0gYh3jwYQswWWdfV1,Haffmilch Holiday,2022-12-14,255.899,spotify:track:5OCByq3qCD9NCocgMWMbAe,24
0h8AW5uv7fcJYoGKRoQJSS,Eidolon of the Blind,6y5qmA1uc4ehixg5As0Qkq,Defy The Curse,0ptEwyRG7O3D4vpF4CnEmK,Eidolon of the Blind,2022-12-16,182.0,spotify:track:0h8AW5uv7fcJYoGKRoQJSS,25
71rVUrUXY4Q68wT5iWokA1,Demons Of The Past,1ty9gbc3JTAd8Cpz6fgO7h,Depraved Will,4OsdhzjabIltWX4ub56KyW,Demons Of The Past,2022-12-20,303.666,spotify:track:71rVUrUXY4Q68wT5iWokA1,26
67apRpuDfI6vMtl6ZNVbFJ,Your Ghost…(été un),1U58LFQaBX4bS0GIiF0dBn,Destroy//Create,60z2i9Azhj1TRXY43VdSAE,Your Ghost…(été un),2023-01-06,237.277,spotify:track:67apRpuDfI6vMtl6ZNVbFJ,27
1KTz79p2V0CniEJg9i8P9w,Ottoline,6w7wqJo8dY6Q7BWIRFBFX3,Doon Kanda,3gbZKfUH3n2UR9f4i62RB6,Galatea,2022-11-15,232.102,spotify:track:1KTz79p2V0CniEJg9i8P9w,28
6cnNpjzIaVYzbvWxkWvqaI,Comfort In Chaos,3PPxT6AXgPvvajfvP1LQtw,Dream State,11F5Qh9MrB8NrDJ5oWqwFv,Comfort In Chaos,2022-12-09,222.0,spotify:track:6cnNpjzIaVYzbvWxkWvqaI,29
08MNKh3wW761J2QmYz48Ez,Whales in the Pool,0dQEUysd9Angr5JKY9SYTy,Driptorch,7JTVFgaC9jatmW2DHEfBIo,Driptorch,2022-12-24,328.021,spotify:track:08MNKh3wW761J2QmYz48Ez,30
4U4bb1SPGYdXnHbjrjQM77,Scheiss Liebeslieder,0XLUVR6k0D9aLQyaXpoWgp,ENGST,1MzBCOoBzDLIw6QZoFP2nK,Scheiss Liebeslieder,2022-12-21,172.653,spotify:track:4U4bb1SPGYdXnHbjrjQM77,31
2IBm4cXivCZ21hHtlXUMr5,Rotten Fester Decay,3XxDl7CCNLF6uK2Vr8wuc7,Festerdecay,7wwp9Z3gXIlJbjGxKxFWeB,Rotten Fester Decay,2022-12-26,135.946,spotify:track:2IBm4cXivCZ21hHtlXUMr5,32
6pZAkXA1Qk3eFgr65IL3TV,A View of a Distant Place,5ZmGzYAdFAMNsiEH1B0GWB,Filip Dahl,1qhJeEPqWEblBPXOEaDBLk,A View of a Distant Place,2023-01-03,318.482,spotify:track:6pZAkXA1Qk3eFgr65IL3TV,33
0XMtC5E1HJfxXCCrL3sqZz,SHUT THAT DOG UP,4MZnqcyrwP70XrCQqW2jxP,Fret,0xoydO5uOFBrycD7SpawN4,BECAUSE OF THE WEAK,2022-12-07,286.646,spotify:track:0XMtC5E1HJfxXCCrL3sqZz,34
2oRWUNoNZnANgIVXwiu2v1,Columbian Necktie,6rfq3fvUgT8mCyP1NL4H0n,Friendly Jvck,77wkRlH4hNCsZTQZVx3glH,Columbian Necktie,2022-12-17,93.166,spotify:track:2oRWUNoNZnANgIVXwiu2v1,35
4imMkYr70c6O70ZIdC1jnn,In Pieces,5dMqfdmilb6colsGrmYYmo,Gone Cold,3z6cfznDsJvSCy3dJTOH2J,In Pieces,2022-12-20,204.974,spotify:track:4imMkYr70c6O70ZIdC1jnn,36
01dcFJijtHuC64QqdfOPfv,Take Me Away,"3FFOWj1skiTKQLjEE9N6Tf,6QQpkemu74N5oNtrUO4Vck","Grosso Gadgetto,Mélo*P",1koi87sXGkPdoyK2FEeDee,Evidence,2022-11-18,304.409,spotify:track:01dcFJijtHuC64QqdfOPfv,37
211I2EKh3MMFdJZcbho1mU,Rozkład,12iXISZeZrZcnlYzn7fwnZ,Hamulec,5iwyxAKdTfDnC0RokgtqL1,Rozkład,2022-12-16,284.0,spotify:track:211I2EKh3MMFdJZcbho1mU,38
0AkKqThN04P4PLEfhnbAyu,Utolsó háború,0i9Fpz1ZangB2X0vKHb8TG,Havária,3oikYXH2SDxlZ1nn7dIQG5,Utolsó háború,2023-01-01,244.148,spotify:track:0AkKqThN04P4PLEfhnbAyu,39
0l99TYfrVhJi4j0otftR2X,The Storm - Live,4Xe63wRxHbU9vQu4nNQf7F,Heretic Brazil,1kLfBnUlJmoYvWogaFQTZD,Live In U.K.,2022-12-03,396.5,spotify:track:0l99TYfrVhJi4j0otftR2X,40
4OocdnSlBCxt3UeUfKjaWv,Bathyskaph,6kbMZCY8IYQHq8FUf3h58f,Hexer,55IPxZqhl9XUOFDUbrRb9S,Bathyskaph,2022-12-16,377.962,spotify:track:4OocdnSlBCxt3UeUfKjaWv,41
0d2zt31H1AJzLjv9R2P8dv,Diamond in the Dirt,44MULvE8LeryRPA9QYHpPw,Iron Asparagus,2CiiXsBWGnHAf2vwDTjHsL,Diamond in the Dirt,2022-11-30,214.952,spotify:track:0d2zt31H1AJzLjv9R2P8dv,42
4aVqHq2Mc1y5GRvAKFe0LI,The Big Easy,5RNU8RlrgW4Kl2OH5Pckq4,John Diva & the Rockets of Love,1uSoueeTObB4dummz7l0LS,The Big Easy,2022-12-09,225.43,spotify:track:4aVqHq2Mc1y5GRvAKFe0LI,43
0u3zQ7qBY4YiFiopF9vrFI,Incognito,2uUyzaOSa9eGVBMabFsEAp,June 1974,2RJNvPoQaLIdDyd55xsAUd,Please Destroy Me,2023-01-03,232.625,spotify:track:0u3zQ7qBY4YiFiopF9vrFI,44
3LOBS0WfOzMFdliltnrbt7,Can I Tell You - 2022 Version,2hl0xAkS2AIRAu23TVMBG1,Kansas,4HsKI6BGrUOFSNae1wg3Kn,Can I Tell You (2022 Version),2022-12-09,212.25,spotify:track:3LOBS0WfOzMFdliltnrbt7,45
7oTlaaGB9m65ZiIgC7snbI,Respect the Wilderness - Cover Version,2QEyg67DpAomxX89uVfycD,Klaymore,4Z7NFBmpy3CKovtsZzAoBZ,Respect the Wilderness (Cover Version),2022-12-22,231.0,spotify:track:7oTlaaGB9m65ZiIgC7snbI,46
7rJ2AHETkogxAgoLUJLYNB,Necronym,1R9UhosNLuMHu2iGSuOqvK,Kossuth,3jzYmoZWL9NomBaVD1QjN9,Necronym,2022-12-21,262.909,spotify:track:7rJ2AHETkogxAgoLUJLYNB,47
0omrOj7nYOR1zAB2BLEu4J,For Thine Is The Kingdom Of The Flesh,6r20oMbTqzNU4q5054VeH2,Krvna,3H3Pb1Xic017fZ1nQehtQq,For Thine Is The Kingdom Of The Flesh,2022-12-10,468.668,spotify:track:0omrOj7nYOR1zAB2BLEu4J,48
4RETXxGZLpzQCyQJWecVkc,Caution Consent,4rKgkP7ml2E9h3hnvK1hxG,Letters Sent,5Ss8DsndRSQaYaCy0ZPECu,Caution Consent,2022-12-20,241.0,spotify:track:4RETXxGZLpzQCyQJWecVkc,49
4pc0qaWRIGf8Xh3RRiE5YI,Dear Lilith,6OL9gPy8ipfdwLCSaH5vrs,Lilith Rising,0YvPbzNXfuYPC1dtzo6jpC,Dear Lilith,2022-12-09,307.924,spotify:track:4pc0qaWRIGf8Xh3RRiE5YI,50
3c35bveEQuYmtN1haGuRXo,Hard Rock Hallelujah - feat. Bürger Lars Dietrich,"14SgKNlOCKAI0PfRD1HnWh,2qcfDgAcnHmmMMzltjGhqA","Lordi,Bürger Lars Dietrich",3IwW6R5pI4slbJl6vNFCK0,Hard Rock Hallelujah (feat. Bürger Lars Dietrich),2022-12-09,181.894,spotify:track:3c35bveEQuYmtN1haGuRXo,51
6r8CmKY5rBtuozY9kBy3cD,Free Bird - TOTEM Remix,"0O93zfdJ4KoKEzQAJg1tNH,2de2E6LOOzwGUF2KWVoiSW","Lynyrd Skynyrd,TOTEM",0Xx6pUgR7UTRsVGLQ8n6aJ,Free Bird (TOTEM Remix),2022-12-02,166.5,spotify:track:6r8CmKY5rBtuozY9kBy3cD,52
1sanG8kuJjREqTt851HwhL,Control,4xzNfBbV1TEZYKvWgkDPdb,MAGNOLIA,4p9PpVoizbAP1L9GC8esBe,Control,2022-12-23,216.913,spotify:track:1sanG8kuJjREqTt851HwhL,53
6GJizW7dKdiDNCGpNt2WYl,Plastic Sea,3VACZ30DKodg2j5fcb4Jzn,Marturos,5funXF122gBSNs3mreKXha,Plastic Sea,2022-12-31,393.846,spotify:track:6GJizW7dKdiDNCGpNt2WYl,54
6CfVLX42mrM7OLRZAJ85zm,Can You Make Me Feel Better?,0NzO0zF5nZFG3JQ3XEtHWW,Mike Strong,3XdF9WD6raT27gpvMSit6C,Act Like You're Alive,2022-11-13,132.212,spotify:track:6CfVLX42mrM7OLRZAJ85zm,55
3tQpI6FPzEkQefG1bZ0kX1,For I Am Machine,6BeKgthtnIzDutiD5c9WMY,Mordkaul,2bbqWwflAOm7NY7uabNfId,For I Am Machine,2023-01-05,261.465,spotify:track:3tQpI6FPzEkQefG1bZ0kX1,56
6DPE8tGV9lzKALNnvuY9dS,LA FINE,0lAWpj5szCSwM4rUMHYmrr,Måneskin,5eZ98aKCgAQmEYNtueCoJK,LA FINE,2022-12-16,200.588,spotify:track:6DPE8tGV9lzKALNnvuY9dS,57
38Ym3yJHmWyiN1BlP12cuY,Repulsion,3eMDtFKrxp8MIifngh7smJ,Nag,0KNBTZ5EuuDGNxfflDatln,Repulsion,2022-12-06,122.105,spotify:track:38Ym3yJHmWyiN1BlP12cuY,58
7661e9oNnKRAf30jhs1Bra,Consequences of Submission,4xBPKcnBiUhb89OTzzIERq,NovaDown,7ntRIrl48HZCLTaOX0AzeF,Consequences of Submission,2022-12-21,294.3,spotify:track:7661e9oNnKRAf30jhs1Bra,59
2NFaUljJj2dxUcvzZcVzXi,Disintegrate I - Single Version,5anRZRNmVWfbdVftd6WQE5,Oak,2SW4bWQhcHGz2REC56YWhY,Disintegrate I,2022-12-08,239.843,spotify:track:2NFaUljJj2dxUcvzZcVzXi,60
7qwTlAdz1usnxXd24H3yjw,Half Life,1U4tj1OPey66HhgVXGdlSY,Object of Affection,0AjbRK9LP0qPcGRWw0GYGp,Half Life,2023-01-05,212.986,spotify:track:7qwTlAdz1usnxXd24H3yjw,61
2aiZqs8WMaVlD12EBsWFtR,Follow The Light,"5EjlcSfqPb9erSH9N0ccQu,43hSMoKYh7KWaRLup4LaG6","Ocean's Blacklist,A New Chapter",4EGNKEsvzrgpj2hA91G9xG,Follow The Light,2022-12-02,223.68,spotify:track:2aiZqs8WMaVlD12EBsWFtR,62
6R5ShLfYXId8CJh8Ay6Oft,Lifesick,4ajF56XiyuKwe60YpQRToj,Ox,2buyFxGWru5pHfgIdYX5st,Lifesick,2022-12-02,284.374,spotify:track:6R5ShLfYXId8CJh8Ay6Oft,63
467yqsPsbfSjCT2iPelg0I,Infrared,7he2S5Silq5uTPE2a0kaa3,PHELIXX LAKE,01cVf3bSIcEWAQRIebjy7u,Infrared,2022-12-23,197.41,spotify:track:467yqsPsbfSjCT2iPelg0I,64
1agNmc6ymvLov8t0rjRsqW,De Taptes Dans,6PCrrZFqoRVsEGEfcpUQkt,Phantom Fire,1uiBIfb2MrneWGH1uHSiEH,De Taptes Dans,2022-11-25,169.811,spotify:track:1agNmc6ymvLov8t0rjRsqW,65
2FTOIw6SxjdXp4307l0nt2,Rot,5UuK761QvesmBCe1fwzrYe,Promethee,6gyW24Pqsh8tI6OQJ9Mn4l,Rot,2023-01-06,256.486,spotify:track:2FTOIw6SxjdXp4307l0nt2,66
6nxp9LWnwunqUNlPB8lRZM,DUMBFOUNDED,"7l2TbOpPHzfF5rlzILQvIp,0Qur5LqqAVVunjY2PnjhUp","Py,Throwing Snow",2aO799hjf0bZeR1I8SLedr,DUMBFOUNDED,2022-11-28,186.0,spotify:track:6nxp9LWnwunqUNlPB8lRZM,67
7kv0bj8scxYbrFaLQilgaW,Dreams of Calpurnia,6fuf34CYUe4klqiMkH2SOr,QUEEN KONA,5PfxToIgSvSwPZuQf5qy1l,Dreams of Calpurnia,2023-01-06,258.847,spotify:track:7kv0bj8scxYbrFaLQilgaW,68
4w2Cq9QgAezkfDnkxiClN2,Heavy Heart,6hha7AM7ao3kNpN0VwOXgD,Redlight King,65v5v9HPt26oJ5qLgnifQG,Heavy Heart,2022-12-16,210.92,spotify:track:4w2Cq9QgAezkfDnkxiClN2,69
42br9VwyYFWjWIHx7Dzr2M,A Vicious Century,1mBlXEwIotyp6SuLDsQoaH,Redsphere,0YV53eRHkrD8SvkwIFFeEa,A Vicious Century,2023-01-05,208.681,spotify:track:42br9VwyYFWjWIHx7Dzr2M,70
66IFLa2JA0ki8UT62XN0l1,Sharing,4aglyvdJ7ApTfDC6aQ2LFf,Rotten Sound,0OF4psvmQrkDlIkA9aCzUP,Sharing,2022-12-15,106.293,spotify:track:66IFLa2JA0ki8UT62XN0l1,71
4hzLuTmZC0usAQovUlgpmv,Good 2b Alive,"0ecbvwhuhiEAWOLHlRXpqD,2DauXVEgQPLf31ZAX0PjIA","STEELHEART,Miljenko Matijevic",0OxJapLbRg4p9OqGYY3sve,Good 2b Alive,2022-12-07,305.798,spotify:track:4hzLuTmZC0usAQovUlgpmv,72
0svHuKLPOY3ZTndgOCKA1N,Asa sa-mi ajute Dumnezeu,3R0LyUPVO5np5VUiErUuIf,Skilod,0B2icOQRkFh7uA8eQiYPOA,Asa sa-mi ajute Dumnezeu,2022-12-10,323.421,spotify:track:0svHuKLPOY3ZTndgOCKA1N,73
7AbtmOXWdVNzh2NGX1mMqv,It Will Never Stop,64tVHZVSAZhDEiOJxnb6hE,Sparklehorse,2BTHmANiamvDEZOUoSIP9t,It Will Never Stop,2022-12-06,110.48,spotify:track:7AbtmOXWdVNzh2NGX1mMqv,74
1T6xGnC0wADOWR94IEZFy0,"Deaf, Dumb and Blind",2ydOoXws4E1tEvZikWaPQV,Squealer,1CDUVEWfIDQlK6Wn6cVqgi,Black EP,2022-12-09,189.048,spotify:track:1T6xGnC0wADOWR94IEZFy0,75
4t9E4wj0PHqNozXXIboLYM,UNTENDED GRAVES,4tDkeVxH0CSkNiLVrsYmQs,The Acacia Strain,1hsYH0Y9c8o3siY9FQy1Wm,UNTENDED GRAVES,2022-12-14,137.255,spotify:track:4t9E4wj0PHqNozXXIboLYM,76
6mBAGOhYl3ZlBOTNHv0Pe7,Hymer,4uLEArAk4IQvJGRiB2fLC1,The Dark Jazz Project,25uFexQpAvofpiryz1ZyNi,The Dark Jazz Project,2022-11-14,280.0,spotify:track:6mBAGOhYl3ZlBOTNHv0Pe7,77
1igBEAMgmuntDKqoUoSFab,A Cold Day in Hell,"3bmrHxdcDiLJwuJYu3hpEU,0ZL948orsY5yM2hlESNF6O,3SSMWOv4oxoSrm1lJP5kfc","The Holocaust,Warcloud,Bomshot",7sZ84vxooxqnkNgHtGHabg,Northern Right Whale,2022-12-09,318.171,spotify:track:1igBEAMgmuntDKqoUoSFab,78
72yUuwC1FMKpJaq3zdc5eT,"The Boys Are Back In Town - Live At The Hammersmith Odeon, London / 14th Nov 1976",6biWAmrHyiMkX49LkycGqQ,Thin Lizzy,4QD1gWgXljG5oKxPju1u1u,Live And Dangerous (Super Deluxe),2022-12-02,311.019,spotify:track:72yUuwC1FMKpJaq3zdc5eT,79
1ctPO5c7bcTpQlwwo6oJVF,The Pain of Loss,5od7JP4VZxm6AHWV2xbyYC,This White Mountain,19f8YL86cK8NQAhQnFYhmN,The Pain of Loss,2022-12-23,712.506,spotify:track:1ctPO5c7bcTpQlwwo6oJVF,80
7JoDsM7cDwYeZoKNiiSrRy,Second Hand Smoke,0C9LA3ubuZg5at90lwDikC,Those Once Loyal,2vDaaUmhDsyLyt2qbkhZU2,Second Hand Smoke,2023-01-06,310.59,spotify:track:7JoDsM7cDwYeZoKNiiSrRy,81
3Ur4FXIArdUF0I8mvXOeRP,Neptune Society,7MxRSOIsrKKrMc7pAzKlqs,Tora Tora,6FH5bLLWuKCOC7LYJqQ7DS,Neptune Society,2022-12-17,290.474,spotify:track:3Ur4FXIArdUF0I8mvXOeRP,82
5YJKOojAHlXopqGdc0rGdY,Amra,0WuTWF85bLBBINeKAgHap1,Trahir,7jl82vv05xHerhixSUCgCU,Whose Hearts Petrified,2022-12-01,383.416,spotify:track:5YJKOojAHlXopqGdc0rGdY,83
7nEDN4W3nx8lFV1nJaAsEL,Hiding,39cuaKdB7ahAIbHcPiDkVI,Trembler,5o1TC4anOIWLMXs8n3nOFC,Folding,2022-11-25,298.346,spotify:track:7nEDN4W3nx8lFV1nJaAsEL,84
4pQqpJNjknRobcXilWGJUi,Tarantado Ka,3gb2GBdgA7vdqHXHjIiyPw,Tubero,3JNKTdrz55IMcqrEFs71DV,Tarantado Ka,2022-12-23,100.531,spotify:track:4pQqpJNjknRobcXilWGJUi,85
3LVRXTdontkirYS6vaiJ6H,The Shape,"4lAGO1rcpYEdv1Zx0yS8ku,1j9xk7c6TgWewX6GxG7Qi0","Tyrantula FL,Kyle Weeden of Tactosa",5YTINqLZcYomcwcWCVe2zn,The Shape,2023-01-05,242.322,spotify:track:3LVRXTdontkirYS6vaiJ6H,86
4wF32b6sIH39DoRxeMA4mw,Rusty Silverware,"55UEjjjLkvSklEtxbOrF7N,5C4Ykpj8uV3LkRANA6rF9M,0gw1l5DoFtgHW8SKW5XeyN","Vic Spencer,ANKHLEJOHN,Fly Anakin",6Uz5NJsBSsNHyvBNn30RMa,IMPACT (I Must Punch A Car Today),2022-11-12,188.342,spotify:track:4wF32b6sIH39DoRxeMA4mw,87
4dsJtw4ic2WTJE0acQjriv,Less Than Nothing - Radio Edit,1RUnBRu3laqXzeBmDjN1Bq,Worldwide Panic,64XkSDvnkKOYUcswhJlK7j,Less Than Nothing (Radio Edit),2023-01-11,167.52,spotify:track:4dsJtw4ic2WTJE0acQjriv,88
0Rl4E83H6fVBSzXc7NqNDv,heartLESS,1kNQXvepPjaPgUfeDAF2h6,You Me At Six,4KQpSWRzKq3BzcHzhx6BNi,heartLESS,2022-12-08,207.4,spotify:track:0Rl4E83H6fVBSzXc7NqNDv,89
43TaG0KbArjPO9RLGKylKZ,Wajhelkhata,3Z5dr3yRC0mbwGzkGoCYyx,Znous,5aJCnCZChX5oiY0uUbhX4S,Wajhelkhata,2022-12-09,228.0,spotify:track:43TaG0KbArjPO9RLGKylKZ,90
1dlwAvZc4lCjVK5QrTsgBe,STAY,75E6HgbRInQyFuC5rCFYQa,landless,6SfvLWuWm1RqRSmYUY90tb,STAY,2022-12-09,192.0,spotify:track:1dlwAvZc4lCjVK5QrTsgBe,91
1nEZmeIFL768z0AZ7RHCNQ,Долг. Нет Пути Назад,6yS0o11Rl53vy2WMlDWhFQ,Война Осколков,7pGe6DAkyDCfsMFbhJV84y,Долг. Нет Пути Назад,2022-12-06,247.594,spotify:track:1nEZmeIFL768z0AZ7RHCNQ,92
598m004gyLRUj4Yu4ZYi28,Ψευδόμαντις,3Kp9UoUfzXxx1M8cCsw0kj,Ὁπλίτης,3cDLZ3ERohb4fBCljk6nxb,Ψευδομένη,2023-01-01,185.066,spotify:track:598m004gyLRUj4Yu4ZYi28,93
5FzudgoJAOiiR8rR3Kot2o,Dead Addicted,4P8fDItPdqBc4sn5u5rUNX,4 Oceans,5eOiX7EA7Ju29oo1CgHgKj,Dead Addicted,2022-12-16,245.395,spotify:track:5FzudgoJAOiiR8rR3Kot2o,94
6uHFrTlHD1QvxEaFKpb9Rb,Medusa Complex,3BsGLLnfCvbh5xmJq9mgGY,9 Stitch Method,3OE9kfNGvu5vrTyVAzBMhT,Ill Omen: The Harbinger,2022-11-26,89.0,spotify:track:6uHFrTlHD1QvxEaFKpb9Rb,95
4tBRf6FK04mxR1nEmTizH9,Careless,45TqC56lnfaP0xYb2AC8jE,A Projection,1ACb5UUet58WtwFYzar7D2,In A Different Light,2022-11-18,252.92,spotify:track:4tBRf6FK04mxR1nEmTizH9,96
1ykPre61EMByR0X2uudAm8,Alive,"09wfciQIOHvEbWiAntJM2Y,43dKsYteHJJJS9OBqYTgKy","A War Within,Pariah System",5XAoozGsyBVbRgtvmS9bSX,Alive,2022-12-09,204.714,spotify:track:1ykPre61EMByR0X2uudAm8,97
1OpkAWPHTnoFemXINYpWBa,一途,"65T5OWkp6XPHZzurwEaBl6,1qLwXsUtyW2Ba2Iotg4gE3","ASTERISM,PelleK",4b8auw1NtYh0mfx3kfU6BN,一途 / unravel,2022-12-09,184.208,spotify:track:1OpkAWPHTnoFemXINYpWBa,98
7Mfi9zaKMtVQV23AQLDAgQ,Ангел,5d3p9acSNz0wUyXBFuZvM3,Above the Stars,4PSGwmoiNEm68DAXcMXH2k,Ангел,2023-01-01,215.263,spotify:track:7Mfi9zaKMtVQV23AQLDAgQ,99
33UVNdur5k4SlFJPf0YoWJ,Satanic Return,0k2eWfLrgcxPgBlJJjcqaw,Abysmal Lord,2PIppoHN1B0nkWh5lgs3xI,Bestiary Of Immortal Hunger,2022-12-30,142.6,spotify:track:33UVNdur5k4SlFJPf0YoWJ,100
1uWkHb5H1Kdogi6tvuvGGC,In Your Eyes,1ZjAT2nTrzDIXFfsQ2hWJk,Adelitas Way,0NIwJS93DCIpjtwFAkNTrk,In Your Eyes,2022-12-09,185.184,spotify:track:1uWkHb5H1Kdogi6tvuvGGC,101
3OuX2bsCv6nYZpLq4i8qbQ,Pumpkin Seeds,"2fSaE6BXtQy0x7R7v9IOmZ,7bHm3B3jJju0q9FUdOgp3b,01QTIT5P1pFP3QnnFSdsJf","Aesop Rock,Blockhead,Lupe Fiasco",5f9t4cfgnlHWbtqS22d0zt,Pumpkin Seeds,2022-12-09,218.0,spotify:track:3OuX2bsCv6nYZpLq4i8qbQ,102
2vAwFMQsIKVhSxMxXv5i8T,Don't Look,6bfkS5FWByqpS0BXUNOLzR,After Reach,50DgDMoOqZeaInAMgNmhRA,Don't Look,2022-11-25,286.624,spotify:track:2vAwFMQsIKVhSxMxXv5i8T,103
1zGLwVliVAQ3Qa2ejYBBX2,Obstetric Bastardization,2ogyPQ5zxhMcMIwmHO8DUc,Afterbirth,7dOJZTglyUEe2Pm1SHFmUV,Brutal Inception,2022-12-09,309.008,spotify:track:1zGLwVliVAQ3Qa2ejYBBX2,104
2vCisLQ5VMVoQyncdyw2EZ,Beyond The Deep,2yoaZdFiI362NRtFPF3YTN,Against Myself,5wnPzNgvBm8dpt66FVJEb2,Beyond The Deep,2022-12-09,369.103,spotify:track:2vCisLQ5VMVoQyncdyw2EZ,105
5WCzf7xdfXNNRsHQYbj1iR,Forging of the Rings,44owfcdF2kT6OfGgG354FU,Ainur,5cBrV8U8Kd8aT4ilqXePtp,Forging of the Rings,2023-01-03,245.0,spotify:track:5WCzf7xdfXNNRsHQYbj1iR,106
7dRgq8LiivLs87upr9rVcH,Preludio Majestuosa,78sc6ajJEFZof8sdoOV3cO,Akash,1ju1Gv7gNSiwgfJkNYzSTW,Preludio Majestuosa,2023-01-01,135.999,spotify:track:7dRgq8LiivLs87upr9rVcH,107
11gdHQ2ysxuPtsdym7T8nf,Singularity,298PHWdca9qKa7xfCKgNIB,Alamance,6zcL6iupzbQSF7SXktuNeW,Singularity,2022-11-11,258.0,spotify:track:11gdHQ2ysxuPtsdym7T8nf,108
1oADRDNPNzmNl50HRiQhQD,Sleepwalking - Unplugged,46gyXjRIvN1NL1eCB8GBxo,All Time Low,2f8uR6f3g5RbcQbP9PFOC6,Sleepwalking Reimagined,2022-12-21,175.535,spotify:track:1oADRDNPNzmNl50HRiQhQD,109
1BW8DN5qVyk3TqfAUWHNTq,Livin' La Vida Loca,4k3Z3eYOjePCjaNSvx6IHM,All Wasted,2xXndEc425moHv5hw7XM4h,Livin' La Vida Loca,2023-01-05,251.94,spotify:track:1BW8DN5qVyk3TqfAUWHNTq,110
4KjSheFXvZUb5vMmMccABQ,Banderas de Destruccion (with Tomas Herrera),5dRPq4Kxqy8n3ja4DG1sgD,Alwolf,3Nd4Kn8ZzWQ62KWnZ3da7H,Somos Mucho Mas,2022-12-07,283.536,spotify:track:4KjSheFXvZUb5vMmMccABQ,111
4VjotEPyrbfT1l3LeIv1gi,Black Swan,7tFUQ2SDdHKDQTxWJDyRrW,Amberstein,56R4O3dEp8F1pYlAU7S7D5,Stages,2022-12-23,259.278,spotify:track:4VjotEPyrbfT1l3LeIv1gi,112
29ILM9GYJLtRJimQykiZab,What Now,"4a9NXVL2Qxsst3B8ezK7nO,7pEbFi2YyD5d3Mxsqp5r4U","American Teeth,Brasko",77YQF8ch6PFX9NYxgT9niz,What Now,2022-12-09,134.844,spotify:track:29ILM9GYJLtRJimQykiZab,113
7AYkmhShwCKrPv9qGjGimb,Sinking,6rcZVbLYpabmKH6qxIcIjh,American Thrills,3VtOqyW2HWz0kJLTlxpniQ,Parted Ways,2022-11-18,146.874,spotify:track:7AYkmhShwCKrPv9qGjGimb,114
6X0e01F3uwhMvbqiI2urX9,Meanders,6PEBIPKi5TvTrCoyDsRDTh,Anachronism,3Z2mRLGZEpcrY7b7WLIj9y,Meanders,2022-12-02,240.756,spotify:track:6X0e01F3uwhMvbqiI2urX9,115
4rUWVdQyLIDSp6GWCDO86C,Art Imitates War,"7Coo58A8U3BCpCl4nQ3pda,21vsckiGZoMCydfJIR69qz","Angelspit,4th Wall",1kpCSKnbbaR098hVMJs6gC,Art Imitates War,2022-12-19,182.635,spotify:track:4rUWVdQyLIDSp6GWCDO86C,116
0PZLaXCU2v0Ih1B5BOpA5g,They Shall Take up Serpents,3szs5BDvU28uGX7yt0CRNE,Angerot,3z76RXfufiYMJJJW1VpVnZ,They Shall Take up Serpents,2022-12-25,255.423,spotify:track:0PZLaXCU2v0Ih1B5BOpA5g,117
2C7Zot6L1px2Fi3SfXtJch,Car Keys (Gregg Turkington Remix),"4kwxTgCKMipBKhSnEstNKj,3obBKxZTOzPV65MAJfTAgz","Animal Collective,Gregg Turkington",1Q0SfnJ4uAHsaU0oKOoS12,Car Keys (Gregg Turkington Remix),2022-12-15,165.696,spotify:track:2C7Zot6L1px2Fi3SfXtJch,118
3PdVow5v9ND8dP9ZbkQCi8,Blind Spot,3I5IACZdrxcIUHqQnpiItF,Anna Kost,1kB7FxBy2PYNxLHnl7KS6Q,Blind Spot,2022-12-09,312.5,spotify:track:3PdVow5v9ND8dP9ZbkQCi8,119
4vJV8MUDxdaopQy5hdUtl8,Take My Place,6yo1D9ckBBzgB96dHDHiXI,Annapurna,7ea56qhlZaOqCUAHrgf5WU,Take My Place,2023-01-01,244.509,spotify:track:4vJV8MUDxdaopQy5hdUtl8,120
0XprGz4jlKREDaj493M1Gw,Unholy,5f18KeztDInZIN7cRyRdp6,Anthony Vincent,4okeJWKsWif7q3D6lNASsq,Unholy,2022-12-20,163.511,spotify:track:0XprGz4jlKREDaj493M1Gw,121
3KFBl5C9U8XKPNKcZv9U7s,Choke on your lies,4trKPSAXSiQ331OCB1aF9C,Apava,04hFGItazGhBHpSW7fMuNq,Choke on your lies,2022-12-18,209.518,spotify:track:3KFBl5C9U8XKPNKcZv9U7s,122
239TrPCAr9kQ4WOYFq08UA,Штиль,0ICn3Cbc4mMeLmTvwnqXYu,Aria,3a4cp4MHXH4Jidp12L47ks,Ballads,2022-12-24,335.533,spotify:track:239TrPCAr9kQ4WOYFq08UA,123
1objEP5vVaNw3qxH174wxT,In Salamis,4i1kDUJkz1Md0NK9iyLuAD,Arrayan Path,24Kpl5yCVvmKh2j9Lq1BTC,Thus Always to Tyrants,2022-12-09,276.441,spotify:track:1objEP5vVaNw3qxH174wxT,124
1ktknZUdosWJTraFg1ScQ1,Hope Unending - Instrumental,6yhDRZPfZ04jdgrYaGX7nu,Ashen Cycle,2Fho0CGRwCUxl6cBqRhwxY,The Inevitable,2023-01-06,360.019,spotify:track:1ktknZUdosWJTraFg1ScQ1,125
0gGHMiJht5p3vgqbNckw0P,Another Life Lost,6PHDOUfabIXQ4lb9PXg4Yz,Asmodai,3j4q4zwcul9NH0DMgUE5Rs,Another Life Lost,2023-01-01,172.652,spotify:track:0gGHMiJht5p3vgqbNckw0P,126
2QJUNks3wkjrvp2OwKxKeV,Looking Back at Home,"2CLaRQ53mA9nJsptXAHWQP,52yQP5wDWyq7o8D7fSVObg","Atonalita,YENISEI",7lEpR22QLWOCQW6zQKDMnA,Looking Back at Home,2022-12-21,378.0,spotify:track:2QJUNks3wkjrvp2OwKxKeV,127
6u0NRvczjUzBIaEeWEzOcc,Malicious Sukkubus,"050NpEYZ5xFUS1BOAZjVmX,6AEq0leC9g7XTUp3Z7tUlp,0B8xFjzuA1tZ6nmnKSzVG7","Atrocity,Elina Siirala,Zoë Marie Federoff",2k9C5MwKo4tklKfnpcD3Ix,Malicious Sukkubus,2022-12-21,395.211,spotify:track:6u0NRvczjUzBIaEeWEzOcc,128
3RLQmZog1TaS6r1j186j7k,Unbreakable,4zVeGdifjxGkC3eCSmCo0H,Axty,1EDn1YJji6cO0jaxqeI89Y,Unbreakable,2022-11-30,221.333,spotify:track:3RLQmZog1TaS6r1j186j7k,129
2sCFgIrcBvZVlPBxcoq4jI,Winnebago,4XwELoV1j6jtUCrOkTaYRp,BLACKWELL,5ocAhgmgckTj0vIFfhIHra,Songs for Strangers,2022-11-25,147.074,spotify:track:2sCFgIrcBvZVlPBxcoq4jI,130
14zQEKuHaDLBfx6HeaJ40R,The Other Life (8D Audio) - 8D Version,4aDQ41umuxBNh1wEW8PZd0,BREAK ME DOWN,0toX2JUTdZzHM3RILa3oS1,The Other Life (8D Audio) [8D Version],2022-12-15,209.785,spotify:track:14zQEKuHaDLBfx6HeaJ40R,131
1r4tqAlRva24jNsPBoIhIp,Truth In Fire,"4m7vFtJZtkeFQfJVbiQBRe,5ks9IdXVMUyjaEHTTSNpJ3","Baritus,Kourt Henson",6bbFVzj3MRyKm07ZraEVre,Truth In Fire,2023-01-03,250.0,spotify:track:1r4tqAlRva24jNsPBoIhIp,132
4ieR2eT6DPSjbqE2Md9zoO,Necrotic Ecstasy,3G9syNiqkQiAIMSrztrk0J,Bastard Grave,3TfSCRDfDftEApzXiWC3ES,Necrotic Ecstasy,2023-01-05,246.773,spotify:track:4ieR2eT6DPSjbqE2Md9zoO,133
0QiVIc4E7sQpZ7Y51Ye2K4,Vuurzucht,5ynqSvvyt6b3buuvr9Jo6g,Bezwering,2pixpXNU1ibqXIlqflb4bc,Dodenkroning,2022-12-09,309.557,spotify:track:0QiVIc4E7sQpZ7Y51Ye2K4,134
52TlOlvxPedcGvawsLfAEb,Mask,5xvWaAraKZdkRbY2qBip5c,Big Laugh,181xiVBUlIFltAQpwNcwjW,Mask,2022-12-16,89.453,spotify:track:52TlOlvxPedcGvawsLfAEb,135
6tX0QBoCPDjMx3MhQsiViY,Leave A Mark,2tn5Mzb7jcz8qpavjS8esM,Black Corvus,5uASSAmsBSjqHL1Oo6iaeh,The Murder,2022-11-11,227.125,spotify:track:6tX0QBoCPDjMx3MhQsiViY,136
6QP7N4eld9HdSGTouPvmoT,Vague,4CowZUNi4fqCsYK3IeeBGk,Blame Kandinsky,6l8EJ4dGRB6pLlqhvBJqCP,Eclectic Ruiner,2022-12-02,131.92,spotify:track:6QP7N4eld9HdSGTouPvmoT,137
5wRsyD4kWQbqCiG0RhsF4C,Psycho Idol,"6YiPWPRGTl4ettBQKZnth6,045cbPAAxOtoCnhqLkaLGZ","Blnk Slate,Mr. Unlucky",5txhEbwck41D8O3CYSBGGP,Psycho Idol,2022-11-25,202.599,spotify:track:5wRsyD4kWQbqCiG0RhsF4C,138
7Bt4fe5Qr2KV4CMmBFWkLe,Sometimes Yesterday (Original Motion Picture Soundtrack),7yNWK7DnoHYGJ25Voe8ar9,Blond Viper,52NEegHXZC7jdTjn9kWSG5,Sometimes Yesterday (Original Motion Picture Soundtrack),2022-12-23,248.696,spotify:track:7Bt4fe5Qr2KV4CMmBFWkLe,139
7BzYcynTKprBeofMYQkGJa,Dark history,2SRu9oxCg91Omb2yMFzttR,Blutengel,3W1m1aP7cE5Vbvhig4auAg,Dark history,2022-12-15,301.808,spotify:track:7BzYcynTKprBeofMYQkGJa,140
3ZIBKMlM2HjbiQL41BzcbQ,Light of the Sun - Orchestra Version,3WorcXKb2PFutcaYEFjBWq,Borealis,3Ij4FWekcmGqpM8UH85wPo,Light of the Sun (Orchestra Version),2022-12-04,384.28,spotify:track:3ZIBKMlM2HjbiQL41BzcbQ,141
3TxcGBAuVih9ZTGxY3xk08,Forest of Illusions,1Lsa13TbbBxt2AxCx285em,Breaking the Relapse,0WdCzVBVDeqVeJtHdh7QU1,Forest of Illusions,2022-12-09,137.68,spotify:track:3TxcGBAuVih9ZTGxY3xk08,142
6CdgvLuSgVk1uXsppoYqfQ,Determination,5sYyLYoWf5LAlH6bsgSM6t,Bring Down The Sky,581iy622qEAG3vH46yPcT0,Determination,2022-12-21,225.517,spotify:track:6CdgvLuSgVk1uXsppoYqfQ,143
0N10XHFu5FJx3JcBv5PPVe,Hatred,2WhHHRMfiA5NdYAhNKunI2,Broken Factory Windows,6AvLqoe814wOWSaCKNTy38,You didn't stand a chance,2022-11-11,192.683,spotify:track:0N10XHFu5FJx3JcBv5PPVe,144
50Jh3brSFa7o50h5r9Ewxb,Joker,6VoDY3M6eh1fpqTFGTRTwR,Budderside,35DJXg03w3yFCXtsho0XB6,Joker,2022-12-09,231.525,spotify:track:50Jh3brSFa7o50h5r9Ewxb,145
57WYmdUYggjpXqTsU5BT9n,Attitude,3cMV6gZTWyfJZCaGl2eZBJ,Buggin,7cp19grH5E1gFFSEQ0hjM2,Attitude,2022-12-07,51.655,spotify:track:57WYmdUYggjpXqTsU5BT9n,146
6GoO1nHu5C0jhk2rnDbmq7,Only Life I Know,"45a6gCQWq61lIUDmr1tKuO,5v0XTlB9FqNvfBfnw8n5b0,2yNDJawCTFYAjG0uW4rZLK,4ezj2XYgCvPxoIoH6LyKil,3R71ZbwGhxzQe8jKichWor","Bun B,Statik Selektah,Smoke Dza,Flee Lord,Haile Supreme",0x06iiRmDrPpU1Wlo5MHoz,Trillstatik 2,2022-12-08,189.274,spotify:track:6GoO1nHu5C0jhk2rnDbmq7,147
2KLdrBr5SkyuGRWNMOQbhu,Swarming Vulgar Christmas,5M2me1WMtdBlMy8NhFaOsI,Cadaveric Incubator,6AlDdiOibGVvXXmCGgXkag,Split,2022-12-09,335.573,spotify:track:2KLdrBr5SkyuGRWNMOQbhu,148
4k83APIfSXcm0YxxcnNZC9,This Time Tomorrow 14,3R6c2tWDBeYB1GncjLMn9n,Candlebox,1Iq0NR0ZX2unG1FO1TtXR1,This Time Tomorrow 14,2022-12-09,277.267,spotify:track:4k83APIfSXcm0YxxcnNZC9,149
3TURLagXZVafDFhYPCyxUg,The Attuning,"7bkqNlCj8EPtEkknkEsNs6,1pWwBXxC16TfsDOb5fKy6T","Cavern Deep,Thomas V Jäger",2L7Bnb3BryZHdNjNSxPVhe,The Attuning,2022-12-16,712.572,spotify:track:3TURLagXZVafDFhYPCyxUg,150
1lpmaNobLuHi3uWJItZeXh,Alien Skin,"7ttY2znRRuk0WwrI8i6oFj,55s215dZWZMrrd8mqYpcFg,1Lw2WbL7CWZXAWSLWYXq4r,5r65V3tfKsDc3nHfpIl7D0,6jNSb0EmFXWgakjmJjixi1","Chad Fowler,Ivo Perelman,Matthew Shipp,William Parker,Steve Hirsh",2g8qF6j5bb3U78xHRUlZ5e,Alien Skin,2022-11-11,409.018,spotify:track:1lpmaNobLuHi3uWJItZeXh,151
0J0DXZFRw54LurPtCHOOvT,Daredweller - Audio Manufaktur Live Session,6sPtYovsQvwBmtHvVQ4M58,Chorosia,5wIB61pDtcsOg8UnL5JVgk,audio.manufaktur Live Session (Audio Manufaktur Live Session),2022-12-19,502.558,spotify:track:0J0DXZFRw54LurPtCHOOvT,152
1ZwssJSK0DVLZ2vrHbrvlC,Under the Weight of a Billion Souls,2R5Sry7fmvqc3QnoV2myJ4,Chrome Waves,0L2edepdKR9dK85X70lIz1,Under the Weight of a Billion Souls,2022-12-07,507.123,spotify:track:1ZwssJSK0DVLZ2vrHbrvlC,153
0lBan88OMuz3djtVjtp3g6,Venetian Blinds - Live at Soulcrusher,02NSYcRNKSTchMm72ZigOH,Coilguns,1N4gdup4D9K5XmqtJ3FO1n,Venetian Blinds (Live at Soulcrusher),2022-12-20,245.226,spotify:track:0lBan88OMuz3djtVjtp3g6,154
2JOzelNsCexjIBHbEnqWft,Lullaby,4gzE72QONbVYfitKEZVDHF,Common Enemies,4GEEgHoe2ZgXUAaKY1buSH,Lullaby,2022-12-09,245.025,spotify:track:2JOzelNsCexjIBHbEnqWft,155
2m3FRjMGJPdxMSvMFqztwb,Omen,4YlM6URDFdVRkbmJloTV4n,Complacent,1VKo5FD0BliBrizkqzNyPI,Omen,2023-01-01,160.744,spotify:track:2m3FRjMGJPdxMSvMFqztwb,156
5KUuHlGxHj1prLdNdZljJ4,Basilisk Venom,66zh3ftuN85voLKArarSEF,Complexant,1DAwvsdcYiKmDevi7tyJCL,Basilisk Venom,2022-12-05,247.384,spotify:track:5KUuHlGxHj1prLdNdZljJ4,157
2xJ5hac57SxlL1JIuLmXMf,"10,000 Polehammers",5DGQLo1f7UhmNxmFVAKqcn,Crawl,2IhN8o7pvX1megdQJdtt3X,"10,000 Polehammers",2022-12-08,594.124,spotify:track:2xJ5hac57SxlL1JIuLmXMf,158
2K8UbjrHmJVHpvwdFBPtiv,Holiday,0Myh9juTBHb7Dz6fKKzVJM,Cvlt Code,0KyA3rHHnAsIx4KDe8PXkn,Holiday,2022-12-02,186.896,spotify:track:2K8UbjrHmJVHpvwdFBPtiv,159
6t9Z0pVZOeGnjsp5JDYGQY,SO HARD TO TELL,5lofelrRCFBwzTF616hSx4,DEBBY FRIDAY,1xXzkgC4BLs5RELfhh0pqC,SO HARD TO TELL,2023-01-05,185.361,spotify:track:6t9Z0pVZOeGnjsp5JDYGQY,160
4gk30YJh80TeMR3iqhKtHj,HIS TEETH BECAME HORNETS,"0hY5m5ID7yXyDxHPPZUSDx,5epoZlpLXp6iEoOLPbgkNy,6yorm4XkmTARXrrIJXKqW4,2Hw3ISMB95DVgrVnc2z16J,7JDGTkhr5hHKlr8kKnoBS3,7fq0KBZSJnf9kJWMF782Rl,5ENrxwNcZWLWRky0sGbOtI,2BlOmv2BQFpKu5DPkviylD,1Fcb9QZ4lvP3XLPlwvJ9Mh","DJ Goku,Bormsen,Crystal Meebus,Sherbert Manning,Tim Mirela,Aldo Boneswurst,William E. Pondus,Al Busoil,Covid Vaccine Morbius",1QzhvVe2fZOnHRceIQ8BYm,THE B2NE Z2NE,2023-01-01,629.781,spotify:track:4gk30YJh80TeMR3iqhKtHj,161
04kkkVKInWnMxyiFgMXx5n,GET LIT,"7GKw4lPYfSo0ya4s2YGUsS,1jwcvlHFsttKb6JY8jPUXQ,3FEln6ROTMT7SJgOu3leOA","DRIP EU,No Face No Case,it.used.to",4HEG2QXA2GDMpEy70znrxM,GET LIT,2022-12-18,212.21,spotify:track:04kkkVKInWnMxyiFgMXx5n,162
7htUMmYwdRZc0p66cA6RZM,Back to Dust,"1086cg4qU8kfji9Iex24Ri,1c3B6lj7BUcjM6R3tdTSh2,7567HDjus3OchzVOdkLnDX","Dal Av,No Oath,Johnny Ciardullo",0KZVSqUPWaa5KZxNtZ21Ji,Back to Dust,2022-12-16,242.0,spotify:track:7htUMmYwdRZc0p66cA6RZM,163
3bT5UqNJGuH05gOfwMt7b5,Before You Know,6md2jGXny7AnAevfU4VCCE,Damn Renegades,6Sy0ydy2jZIwcPTZNMFVj0,Before You Know,2022-12-02,259.733,spotify:track:3bT5UqNJGuH05gOfwMt7b5,164
0S6FNq0I3wCdTfPtpJB9h9,Pre Exterminated,5Z3IWpvwOvoaWodujHw7xh,Dan Deacon,6no226DcG4GSe2a02hqkby,Wedding Season (Original Soundtrack),2022-11-11,156.88,spotify:track:0S6FNq0I3wCdTfPtpJB9h9,165
52BbVM7TpuyXBkVqrDRN5u,Rollercoaster to Hell,6a6mWGE2PnTd9Zl10Wv6d8,DanielFromSalem,52uh2yXYOwkJ5qU7bysumE,Rollercoaster to Hell,2023-01-06,178.691,spotify:track:52BbVM7TpuyXBkVqrDRN5u,166
0UQpL0zIVnxWpapvYgDlri,Not Enough,1uy1Q1ri5F7S3Mct15kJPN,Dark Princess,5BkdhiNEjiALfR0YhoAQzk,Not Enough,2022-12-22,250.811,spotify:track:0UQpL0zIVnxWpapvYgDlri,167
3sWVOQ6gbC5pJM0637QUmx,Invincible,"6TvwiAPxsB2Zj2o8bNlogk,19jzpkP6k02U4ab5IdL7Nk","Dark Sarah,Kasperi Heikkinen",06ew8eILBBJQLjas5OOSVR,Invincible,2022-12-16,242.893,spotify:track:3sWVOQ6gbC5pJM0637QUmx,168
6l4xnWvbkYAFO0ZlAHeVuU,Man-Made God,0u51A9DAybVzjZtLb7nO3n,Dead End Scene,50UZJefwFXgWnXLsIUkYfK,Man-Made God,2023-01-06,241.942,spotify:track:6l4xnWvbkYAFO0ZlAHeVuU,169
44ELhtDzjlcuwamivxdb27,The Left Hand Path,0AI2um3PpFgOj7Yzmk2Xu0,Dead Meadow,1BdA6XoRQPeghmE0zcQhGP,Force Form Free,2022-12-09,411.816,spotify:track:44ELhtDzjlcuwamivxdb27,170
1q03JGvk8uhBbryxp6MlvU,Binah,0AI2um3PpFgOj7Yzmk2Xu0,Dead Meadow,1hAyNuFdLeQAh9q1WjWwmJ,Force Form Free,2022-12-09,483.938,spotify:track:1q03JGvk8uhBbryxp6MlvU,171
1w924XSQOo3F0L29A2xKwH,Sir Goon,2jDOxlzx7O4coQC6lUuCei,DeadVectors,1AwWxBR03cEN6z4WKrYmiz,Weapon,2022-12-06,285.629,spotify:track:1w924XSQOo3F0L29A2xKwH,172
61anxSHwF4WooetyOhbzPN,Tying You Down - Live In Dalhalla,7p1KKyEJ3F0eavGA6SMrn7,Deaf Rat,3CN1JCUVRpDYkyiGepRggL,Tying You Down (Live in Dalhalla),2022-12-09,314.0,spotify:track:61anxSHwF4WooetyOhbzPN,173
3vmCeGC4bvXabuq2Bb3qiw,Расцарапаю Ебало,3qbHwF3dxYHSbz1BC2UuX5,Death Pill,2IU3wG2yNpXImXoojb7SJB,Расцарапаю Ебало,2022-11-24,105.975,spotify:track:3vmCeGC4bvXabuq2Bb3qiw,174
6cnPG3Ns45xKFXopbxvrnF,Uprooted,5LQhN57PwMKzqqw2Mxvh7b,DeathAwaits,780X9agQvgAaomgWRJ1deK,XX,2022-12-23,313.759,spotify:track:6cnPG3Ns45xKFXopbxvrnF,175
6u6R1OWoWJTvBD2Rdnf3Ph,Arsenal,540GgzaR1X4qzfRbITNlcM,Deathchant,2br3JHjULWJTrlpJYqUh6M,HEX,2022-12-09,244.0,spotify:track:6u6R1OWoWJTvBD2Rdnf3Ph,176
3IYFhK0jFuykJ2IGUpjkhW,Human Taxidermy,"3bzafEbCeXoFHZwXJO08K3,4fkIN5alKfXladE4krpTey","Decortication,Bob Bodybag Babcock",7wzuLVVi7iVKAy7X7Vg8ws,Necrolatry: a Morbid Worship,2023-01-06,230.156,spotify:track:3IYFhK0jFuykJ2IGUpjkhW,177
3DY77ilpKem2wjsnHKipCu,Sick People,3BHc8N6IN6zuspqwFV17Rs,Demonstration Of Power,0cgNlgWf6UbDSIIx0ygN7Y,Seed Of Pain / Demonstration Of Power Split EP,2022-12-07,97.966,spotify:track:3DY77ilpKem2wjsnHKipCu,178
1YpH9TVXdYBBpGa5q8nprG,The Journey,3FNMoIqHcQ3CZise6tW0uz,Deprived Existence,0u7S21oyyuK9SKhHZitMJi,The Journey,2022-12-22,318.0,spotify:track:1YpH9TVXdYBBpGa5q8nprG,179
3fmTqXIAY0Bm36642yqbB2,The Welcoming Void,2kQmDIbrv5hY67ydPe5MIB,Descend To Acheron,7crprg4rCL4elYNbUsR9UZ,The Welcoming Void,2022-12-23,341.226,spotify:track:3fmTqXIAY0Bm36642yqbB2,180
6u4uwjGyYveOzOFyFTyAAs,В стороне от добра и зла,6tt6t2QFsOL0jw90ifw74k,Deviltears,794Sgxx41Hu7FYyyJX6oRf,В стороне от добра и зла,2022-12-22,175.263,spotify:track:6u4uwjGyYveOzOFyFTyAAs,181
4YH914E3Y1xK6LUlZQFvZI,King Heroin,1gfOD7zRJnRsSDVBI2yf1d,Discreet,46DR0aU6DbaALWHCalDW4x,King Heroin,2022-11-21,169.813,spotify:track:4YH914E3Y1xK6LUlZQFvZI,182
5OZhrFjzQCvaHj0yKB8TP8,Illusion Consumed Reality,2bMka4KrZKGERc3Q9W3Emb,Disheveled Convolution,1t8aygZmdT5F7GxXzqGt1H,Disheveled Convolution,2022-12-18,154.066,spotify:track:5OZhrFjzQCvaHj0yKB8TP8,183
31cEUDQ0NbxBfYvjqSTtoL,"II, Construct",7mRCfd0eKEdMN75YnWyhrA,Divided by Design,1GkajQzMIWeMgxwR1kEmwe,"II, Construct",2023-01-06,458.779,spotify:track:31cEUDQ0NbxBfYvjqSTtoL,184
1oLm0X68scQziiNTMtGmry,Enemy,0maicLMFF0aeHwJlQgZrNa,Djerv,74J3xs28ZJrm0WM3OGlrF7,Enemy,2022-12-08,283.025,spotify:track:1oLm0X68scQziiNTMtGmry,185
0FchyASEa86pI6WSORMy9T,War Cry,1xAnSg1uC444sPO0gbTRDV,Downfall of Humanity,4WNC4f8Kv90zDAXQfjo0wC,War Cry,2022-12-08,239.187,spotify:track:0FchyASEa86pI6WSORMy9T,186
6icTvesID9iMe0pdZqpgIe,God of Nothingness,6u6XxBDVfxyyevFEyWmFjF,Downfall of Mankind,7IUAkuZH0u39GgM9DPweBd,God of Nothingness,2022-12-31,318.714,spotify:track:6icTvesID9iMe0pdZqpgIe,187
6x2yagq2FdJmZsOJHSMumy,Agalma VI - Tempers Rework,"3jAdN6k0KlW1X48AUizxn4,0yIDrFWDGrnVk3FPLJmsX2","Drew McDowall,Tempers",15uvVwyyTVW68c6GH1h06p,Agalma VI (Tempers Rework),2022-12-07,193.748,spotify:track:6x2yagq2FdJmZsOJHSMumy,188
3AmlOSjV59fYBGh7Pq5bB4,Lethal Perspectives,"1Jhd1HZsgJS4hwX6AvfPWj,0ksjsaoYemv5FsMqrZAyTd","Dusk,Aaron Harris",2c7ayntzpjmB2o1nvhoaq1,Lethal Perspectives,2023-01-06,181.821,spotify:track:3AmlOSjV59fYBGh7Pq5bB4,189
0SqbnOEpEeVpU36DUD72g2,Colours,2oSq95viVXgfiOFB3pFMJG,Dying For Dignity,56yhCNKko9xxGID1e9PIF9,Colours,2022-12-16,212.27,spotify:track:0SqbnOEpEeVpU36DUD72g2,190
4AaH4vXMmoVm9hrjZQbwIV,The Manipulation Disorder,"6qH0SWBMnb9wzNiCDRTqcr,13skkkjKhOhdvnDS2huPfI,0NzkkRHJ5L1v5JFqpYdUME","Echoes In Eternity,Ciecmate,Viliani",3i1T8R4W2P23MBHwyuNVaB,The Manipulation Disorder,2022-12-08,278.153,spotify:track:4AaH4vXMmoVm9hrjZQbwIV,191
1y2duiYgWvtTPdCMGZ2gAC,Vals de Luna,0Lsrmln7HOkfKVuGye7eQh,Egregor,6ohKOtF9OrwlZf6D0124QY,Vals de Luna,2022-12-19,352.781,spotify:track:1y2duiYgWvtTPdCMGZ2gAC,192
6XMsgEgoVkCozG2hcwQuo2,Liens Praktfulla Dans,5kOz3TtI0gl9PfzI7fOjxE,Encryptment,6ouvABfUK5dslcWJDQOUf3,Dödens Födsel,2022-11-11,184.24,spotify:track:6XMsgEgoVkCozG2hcwQuo2,193
5h1TR0PBmbkFoxpcwKsYYh,Lay All Your Love On Me,35IjYPcPbZvTrCys2FuhKQ,Eonian,70SaZS3XZ7uMGgSpUbE7wL,Lay All Your Love On Me,2022-12-18,289.09,spotify:track:5h1TR0PBmbkFoxpcwKsYYh,194
34vfOjI085k66nsWUn95ad,Blooming in Place,4vUCWBwGDKJfifGOYfL3LF,Erabella,4D8DQqvdOCedEXZ8fyxCGI,Blooming in Place,2023-01-06,224.821,spotify:track:34vfOjI085k66nsWUn95ad,195
2tOf7cYLtn39CcCrrKcacM,Face the King,5Zl9tWYuh2gC7lzpVcEdGV,Eveline,1byG4GoYbErVm9bxJmKZDW,Cursed Memories,2022-12-09,242.306,spotify:track:2tOf7cYLtn39CcCrrKcacM,196
3DfagKbNnZMnpp8aNpBRCE,Mein Leid für Euch,5rhAg5GgOBYKzYGUdq1k2e,Extramensch,4smCn7erTJKiB88m0T5ccM,Und wenn die Welt,2022-12-02,226.893,spotify:track:3DfagKbNnZMnpp8aNpBRCE,197
1Zrz5NfQctsXW1LZFtiZn5,HID F - Instrumental Version,166hIbbxxElSgvoFFI0XKi,Eyes Dug Out,6atuseMQe3thIT06DYepZI,HID F (Instrumental Version),2023-01-06,330.0,spotify:track:1Zrz5NfQctsXW1LZFtiZn5,198
4GcEkB2J3lfUa9yDEoHxoJ,Prayer For The Sunlight,2MGLv6L62gpDdLMt8u3UIf,FDK,7hD7ernnMhXbsdHCVO4aY4,Prayer For The Sunlight,2023-01-06,336.5,spotify:track:4GcEkB2J3lfUa9yDEoHxoJ,199
66knbdf7yMn5IB0r7rcYYZ,Dancin in the Ruins,1uJoivXxtZjowli7GAAOOI,Fans Of The Dark,3zMrHsBaxPT706c6wzrCW3,Cover Me,2022-12-09,238.25,spotify:track:66knbdf7yMn5IB0r7rcYYZ,200
5wUmTaXIKlikJXMC5UgkOC,F.T.P.,"0s3szKaLX7Pu7HB9Lua9HL,33pxNrBzoYvOQYcXlCJ1GG","Fault Finder,lil sleepy",4XAOX1JuTxojwmj4wlqGqc,F.T.P.,2022-12-23,158.05,spotify:track:5wUmTaXIKlikJXMC5UgkOC,201
0nljI5fz7m9venyB86zBye,Pray For Yourself,"4M7rqBQtjHDNbRkcUeUXLF,6l3zk69KjtDelaUSTXz4sP,1xJ6l1VXgGuyZ0uhu27caF,1GWLDMHNmir9InYTaZv3RR,2b2c6xP76y8HCLiovv7kIZ","Fear of Water,Marcos Leal,Ill Niño,Travis Montgomery,Kill The Lights",6Gt4SXvBi8ZHfRaSCAxkPV,Pray For Yourself,2022-12-20,256.698,spotify:track:0nljI5fz7m9venyB86zBye,202
07JTyDDVo4UOcC3Lxfa0o7,Revenants From Hell,1ziy3JFHQKKqgBdXmZw8HQ,Final Blast,4MAgOVtvc9YCrIvkb4ujVZ,The Return From Beyond,2022-12-09,228.806,spotify:track:07JTyDDVo4UOcC3Lxfa0o7,203
23cIrjvUP0QPSOoHu0exnd,Jerking Off the Sky,2FcxTTXQKgTdJzTeACMlVU,Fireworks,1U9DSxX8DJFNPQApFYa6ik,Higher Lonely Power,2023-01-01,332.653,spotify:track:23cIrjvUP0QPSOoHu0exnd,204
3xcpzyszoicljQAggpOjqN,Never Gonna Let You Go,79TnuIBAoxMQqpZf5RSJHT,First Signal,1j3J7ZvUG0awPCFBixbyDN,Never Gonna Let You Go,2022-12-08,234.26,spotify:track:3xcpzyszoicljQAggpOjqN,205
6hpzAcucXD9cZ3FbTfKdAz,Cotton Candy Clouds,7tdC77yyABquZ7vEAscwvB,Flash Forward,35lMohuqJWDMUVitkliAZn,Endings = Beginnings,2022-12-09,206.754,spotify:track:6hpzAcucXD9cZ3FbTfKdAz,206
1CdYRFIdHp0qzymSYj0aNx,FAKE,4yMBnQTFuTAQkEoU1yKH5x,Fleddy Melculy,01WF5EIKnJOdEa9WRRiTtO,FAKE,2022-12-09,161.0,spotify:track:1CdYRFIdHp0qzymSYj0aNx,207
0s7t11XBvRqnmT40zIYjxf,Paracosm,6NJgAz9BChhrlgXQrn3kJg,Flub,09lopz93JG3Zpo0INej78Y,Paracosm,2023-01-03,216.838,spotify:track:0s7t11XBvRqnmT40zIYjxf,208
3oiyybHFKpbD0Pg3jTtO1Q,All I Wanna Know,3rWJ0yDBY3NyNeJYcRiVAr,Fortune Child,3NYI5v3z1iZGROqfGTzDZ5,All I Wanna Know,2023-01-06,210.107,spotify:track:3oiyybHFKpbD0Pg3jTtO1Q,209
4BS6jSRHgqNjL1eSlokBBd,Call of the North,6hbGneO1qRnmz6xflK4n8E,Frozen Crown,4w7w5ZXaUSAqY6qot06f5t,Call of the North,2022-12-16,384.066,spotify:track:4BS6jSRHgqNjL1eSlokBBd,210
1c6Kq0Lc8um83NlrzJ3fvK,Shot-Put,"7uTDwdxKfkZtEfjpofiYwr,0JonKu53NY0rOgjAcjLl9l","Frøkedal,Sâver",1WEr7CY5nFmdm7JKkI1zB2,Split EP,2022-12-02,364.384,spotify:track:1c6Kq0Lc8um83NlrzJ3fvK,211
05jsGkBCRzZ0wlOBOn40CN,Narcotic,2AkKU4rC5LRt70mE46Ptnw,GOATSCAPE,5oZD1AR99nLXxjCep0CEaU,Iugis et Vallibus,2022-11-20,214.44,spotify:track:05jsGkBCRzZ0wlOBOn40CN,212
3Wx0FruFlTPqW7l16z1Tue,Bad Batch Theme (Star Wars Metal Cover),07uYEzcM2ZbY0XacOINjUY,Galactic Empire,1PP8kluftwXRXViqym1aqg,Bad Batch Theme,2023-01-04,134.426,spotify:track:3Wx0FruFlTPqW7l16z1Tue,213
7mSDg16N7NG2ZZUZ7WddQq,Exiled King,54siTMV5L3YofGrGdbUm9X,Gatekeeper,1PoaJB1S3mKcJG7yroxgTl,Exiled King,2022-12-16,382.697,spotify:track:7mSDg16N7NG2ZZUZ7WddQq,214
2I5pt9A1zaSBis4uXf6VIG,Varma kuolema,4nz0GRp6hsUjG4uJeUwKz3,Getšemane,5XXLEsNFlDrtZi7cjEqhjK,Viimaa,2022-12-02,460.16,spotify:track:2I5pt9A1zaSBis4uXf6VIG,215
1KXSVuXyEdpaPR0Hy0q2s6,Miracle,5HQ4sOPu7Ni4hT0XKrNN31,Ghost Note City,71UUGvWI4oaRNubrlKOE3C,Miracle,2022-12-04,212.437,spotify:track:1KXSVuXyEdpaPR0Hy0q2s6,216
1pIlAmJ97Pxa3nbALPqfP5,Who We Are,6jahgcazUCMLobyX50RUm7,GhostSeeker,0EkJ7QJAjV9AyFaXobfJSz,Who We Are,2022-12-22,255.563,spotify:track:1pIlAmJ97Pxa3nbALPqfP5,217
1YBikakNppZESQMfN2S7fv,Sunny,2dXj6aC3DsxoTDyhk3u4gl,Glare,3G7HgD4vxg04rSF1WXYTFM,Split,2022-11-25,202.692,spotify:track:1YBikakNppZESQMfN2S7fv,218
3XFZDXnI0l0F5K85iwViFd,Ironclad,"6ipxFfYy1f6XOBgZDMcvKi,1KJtxzOFgYWdGZQ52fWQsv","Godsfarm,Kevin Quilligan",3BjRcw5JIK8blEvpE0YtGh,Ironclad,2023-01-04,291.863,spotify:track:3XFZDXnI0l0F5K85iwViFd,219
2lpYCo8ZRZd5vjuZzn1Ian,Lost in Darkness,4pR239AgGpMKJosbKZXsLv,Gomorra,3tjXkl5CJhuVnlDFcAQ5wM,Dealer of Souls,2022-12-09,290.375,spotify:track:2lpYCo8ZRZd5vjuZzn1Ian,220
4p3rUHulUpn2m2zOIf5TK3,Mortified Transformation,6kAjBixynTe6N1bcqFUIrd,Gosudar,7qKl9AAavtc7M8OIbJsuX9,Split,2022-12-19,601.581,spotify:track:4p3rUHulUpn2m2zOIf5TK3,221
2brghtsB4TRXjDC13JM4w3,Eat My Eyes,7b1ogPT2uJwhwGjsJW0HgQ,Grave Babies,2bQ4XjYDvL8skK5kjlER2I,Eat My Eyes,2022-12-05,200.979,spotify:track:2brghtsB4TRXjDC13JM4w3,222
5zvFWlcRcoeVYxUQxXPxba,Dead Words,4XJZ7zUJzQuayqyAVJowKX,Graveworm,092tnP8qEVnyJ9du8KYYwv,Dead Words,2022-12-09,301.0,spotify:track:5zvFWlcRcoeVYxUQxXPxba,223
5iyHvyWgXcPTznrSCA1FX5,Abandon Meant,2ARLxGqlg0rKKxe6bPHXtV,Graysea,0HQT7vjsS71uiQ6tOMmtpo,Abandon Meant,2023-01-06,292.04,spotify:track:5iyHvyWgXcPTznrSCA1FX5,224
3ItcX4aAGLIY6t2HZYDlq1,Go Green - Remastered,"2DzKySvozyCRj9EoNEbnyR,0vAybUAs9sx3ZWCsb3P7RQ,2Xv56yq5xqdyFYQpApduU0","Green Machine,ChefDenkA,Xenon",0xhjDFL9qCZM9241XTiESe,Go Green,2022-12-31,236.318,spotify:track:3ItcX4aAGLIY6t2HZYDlq1,225
2GBLg13MEXqWoBTNuROJYP,Veil of Transformation,3APyyDvjs8SSCD25sCLXpz,Grief Symposium,2BrN9IVP7lTedIJs6K9PCw,Veil of Transformation,2022-12-09,218.063,spotify:track:2GBLg13MEXqWoBTNuROJYP,226
2h0oRGFUw1bTxIFVj70ScE,Descent Into Pandemonium,3APyyDvjs8SSCD25sCLXpz,Grief Symposium,277pCfh4g3OXLJiBBxTjnb,Descent Into Pandemonium,2023-01-06,319.921,spotify:track:2h0oRGFUw1bTxIFVj70ScE,227
1zPFXnVU5YFVMdsq9Cf9ph,Ride the Storm,0TrAygcWyGMmI6J40tiG6L,Grimgotts,2r99hM7SqyZwMYUJnmSiNB,Ride the Storm,2023-01-06,225.692,spotify:track:1zPFXnVU5YFVMdsq9Cf9ph,228
7y5ysctEyXwq9GbwibfS2F,No Stitches,"5u3t6t77MvaDN9FEM2BkiZ,3m0rmuv9PceN7tpgCbFns6","Grimm,Horus Blak",2dD42gHmmWc84DVJ5w0xBB,No Stitches,2022-12-21,182.0,spotify:track:7y5ysctEyXwq9GbwibfS2F,229
1KCSorwbXob7IuKdap7gij,CROWNS,4s0H5EBBiQRBiuGCgN6svC,Groundbreaking,5o5kmG6NZ1PJM2AEW8zcvG,CROWNS,2023-01-06,198.709,spotify:track:1KCSorwbXob7IuKdap7gij,230
5SfCA2LwcrnJvd1pZnHL0Z,Confort,"1st040KC68rDjNaz7xh9lI,1XUhG82BmvrlT8zZbUcKjM","HK PROJECT,Natsuki Karin",2XZoagPuvlW0w2RAiKShOv,Confort,2022-12-21,229.599,spotify:track:5SfCA2LwcrnJvd1pZnHL0Z,231
3PYKgPZSB8lMmHkpuu0NND,FOSSILIZED,2srZ30I14g2KbLtq9U2aCx,HRAEFN,7wRiNsoY6XoYnmhJWlkIA9,CALL FOR BLOOD,2022-12-09,423.408,spotify:track:3PYKgPZSB8lMmHkpuu0NND,232
0IZQYxdqREJgE2jBJmCvRU,עיר האלוהים,78u2puZeKJRYIfNHkx2Jdh,Hadag Nahash,2zPUoBvo6IjaFaf6la5toA,עיר האלוהים,2022-12-07,208.972,spotify:track:0IZQYxdqREJgE2jBJmCvRU,233
15hmw4AjW7ClKdbnmLe5WT,Mind Rider,0XblvrTo6mnHOxWIP1t5T6,Hail The Sun,2X6wUC0Q2ASI9JYmh8xW8Y,Mind Rider,2023-01-05,201.02,spotify:track:15hmw4AjW7ClKdbnmLe5WT,234
4ww3krosM5MaAPWQbfFWsC,Mind Reader,0XblvrTo6mnHOxWIP1t5T6,Hail The Sun,7eQMLTGCHYpLU9wKgZHXXM,Mind Rider,2023-01-05,201.02,spotify:track:4ww3krosM5MaAPWQbfFWsC,235
5cWAWnjhTP0qD1Zhk1L88B,Where's The Sun Cause I Can't See It,1xcKwbULmSbhQyh0Ize2KX,Halfway Atlantic,4vwmtv3wNeYWlX4RcmlWpw,Where's The Sun Cause I Can't See It,2022-12-21,236.689,spotify:track:5cWAWnjhTP0qD1Zhk1L88B,236
4qXPjPizlum0sIqTZEyQkD,The Four Winds,1Uq2a1JUnYXWUzrUGKyZwN,Hanging Garden,6l2b9PN32RYnUufjKRzjV2,The Four Winds,2022-12-16,235.861,spotify:track:4qXPjPizlum0sIqTZEyQkD,237
5b1GHRn5A3gIzcq8QbcSEH,Spring,14YzutUdMwS9yTnI0IFBaD,Hania Rani,5XhJLua2stZmti8zml9O4G,Spring,2022-12-09,186.6,spotify:track:5b1GHRn5A3gIzcq8QbcSEH,238
4YC8YBBJqm7hlM0uOqWZDu,Relentless Humility,5ghGQTZR6gtVnW0QxWRQ0x,Haut&Court.,6vNreatDoX0qf2yscNEf9K,Collapse,2022-11-10,70.302,spotify:track:4YC8YBBJqm7hlM0uOqWZDu,239
18izzjg5lm7QssVjMsfmmx,The Purpose is Cruelty,3ylVK1eYdZUrCMU3PxYabq,Hellevate,4VN512WzbM1vuSrRJK6xAf,The Purpose is Cruelty,2022-11-21,236.5,spotify:track:18izzjg5lm7QssVjMsfmmx,240
0tgmxxxbzUDLSue55eWI0g,Let's Ride It,1DDMmuELbNUMiVkklWulp9,Heroes And Monsters,6OLVlrQhCXCe89mQpHJ2tR,Let's Ride It,2022-12-15,242.666,spotify:track:0tgmxxxbzUDLSue55eWI0g,241
1y3Zo0zE7apqwWXxmiDeve,The Blood Spring,7LYV4hEC7ERYZfGHGXvXxX,Hill Climber,1XLxyZ5LB7EsASznaU8xfO,Ramless,2022-12-16,219.775,spotify:track:1y3Zo0zE7apqwWXxmiDeve,242
1my0oqkb8SeccN7CwtWhaD,Hammarslag,2ztj3MdrAuEMrU1P4HrZwH,Hulkoff,3nvlibKhOSYVRb3vVmsR7s,Hammarslag,2022-12-23,189.813,spotify:track:1my0oqkb8SeccN7CwtWhaD,243
0Sz8i5QUS7OgpKKAsecFFn,Sunday Service,"4IBACd17ekILQx6xdtKxyI,4TQlRIDTt2mHt8kxSzL8Hn","Hus KingPin,Smoovth",57anLIgVx0wG1VsNeTpPbo,My Beautiful Dark Wave Fantasy,2022-11-15,224.155,spotify:track:0Sz8i5QUS7OgpKKAsecFFn,244
5mI09Q9f7KgK0E0wereFXL,Something In the Way - Cover,1uFc7Lilm3IjHjUOGTvVZy,Ikarie,4lMo3yRf12lbSi6lphJKsc,Something In the Way (Cover),2022-12-26,315.48,spotify:track:5mI09Q9f7KgK0E0wereFXL,245
6dENcPnThQ66HDuIqUSbuL,Siren,7CWHHZBNmi7ReO9SPC09oe,Imperfect Purities,0KZHUWsk0fmWQEhYczJlq5,Siren,2022-12-16,297.252,spotify:track:6dENcPnThQ66HDuIqUSbuL,246
0phfmQ9h2UaBPGq2n52IUI,Summoning of the Ancient Hordes,5Rlql411hR34azif2VB6sz,Imperial Execration,30RQ0GxazHmTmn7qN1t3fr,Commanding Satan's Crusades,2022-12-09,188.4,spotify:track:0phfmQ9h2UaBPGq2n52IUI,247
758QTUDWlYfLwCcmSAR4YL,Sultana 1865,0Sxiv4CJcH55n43yFb5Ani,In/Waves,4i6VCGQqTJvSMR2DpyEYO6,Lost at Sea,2022-12-09,300.021,spotify:track:758QTUDWlYfLwCcmSAR4YL,248
0Fmg8b82KTyNd7LE2O0stO,Sociexit - Ao vivo,6CbUeWrM05i5NY1DC9IXus,Inraza,7iyDbBWxJlDc7XfNRW14bN,Sociexit Alive (Ao vivo no Family Mob Studio),2022-12-23,211.029,spotify:track:0Fmg8b82KTyNd7LE2O0stO,249
5gsi5RCC1SfomnEukCMorq,No Turning Back,57zjrXzIGGr85H8AAdlcZ7,Intrepid Bloom,35aYdzE7e0BHwMIOJD3d4o,No Turning Back,2022-12-16,187.34,spotify:track:5gsi5RCC1SfomnEukCMorq,250
1maIhNbMTTRjs7JUPK23ac,GRENADE!,7DkrPBXhLpqeTQpyDLfnxU,JAYMCMB,3M0d1yQAq1ltzwLm23VgQT,GRENADE!,2022-12-16,101.524,spotify:track:1maIhNbMTTRjs7JUPK23ac,251
5EDjQASbXT2hIVTgYdlx2K,Bloodlust ♰,4FAtkJD7fCoiw7nECuemAG,Jah PHNX,7BnP3yiLYKotHvUnIam6TC,Bloodlust ♰,2022-11-10,138.866,spotify:track:5EDjQASbXT2hIVTgYdlx2K,252
0b3v4OmazBY9VXzieSXoEy,piety,1binm59tmJzoZLvLETVYBP,Jesu,7lzH0CTpcnxAWfy1wQi18P,pity / piety,2022-12-13,1056.0,spotify:track:0b3v4OmazBY9VXzieSXoEy,253
5GmSV3IDivsrFuZn8s5VCR,Empty (with The Word Alive),"7uEPTaEXCsV396Tt2OalLy,1CF8aEN939swnuIZGFI7Hk","JordyPurp,The Word Alive",173wqkb9dwy6dilHg3go8e,Empty (with The Word Alive),2022-12-09,155.586,spotify:track:5GmSV3IDivsrFuZn8s5VCR,254
5Agvy2V61vRIdmHU1WRZI2,So Good - Rock Version,6x1zjtsXxMDhtoQUwsTr3p,K Enagonio,2AVq3Ff1jSlIEcvtkiuXHd,So Good (Rock Version),2023-01-01,178.181,spotify:track:5Agvy2V61vRIdmHU1WRZI2,255
0HfHLckSbTSFhOcysdJbPc,Does Spring Hide Its Joy v2.3,"1I0rODlh5K9pW3JhEla2H9,6JOZsxwBJZm4bhcEy7gLIU,7Gqr7VNPRfacOcjlqORrq9","Kali Malone,Stephen O'Malley,Lucy Railton",5wxW7XmI7aMm4zjxEwtsjA,Does Spring Hide Its Joy v2.3,2022-11-16,1363.0,spotify:track:0HfHLckSbTSFhOcysdJbPc,256
7iLdu5S0PvQvP4KsxulHb1,Alone (Stripped),"2mAAO54PkHr3NjdlRpzEDl,6VoG16wcTeIG4kmC6IEY85","Kelsy Karter & The Heroines,Kelsy Karter",7JyeLCtIG9wh1ESjbdtc6Y,Alone (Stripped),2022-12-09,165.562,spotify:track:7iLdu5S0PvQvP4KsxulHb1,257
3SzA2eDuSOVGPPjuJPyemc,L.I.E.S (Long Island Emo Song),2jEZ7AH7ZrtCyGBm8Gtk1P,Kidd Judo,6uiYMjdfftwQPhhTlQW7nc,L.I.E.S (Long Island Emo Song),2022-12-05,207.226,spotify:track:3SzA2eDuSOVGPPjuJPyemc,258
0JBssULjWdQuFrUxetIQAt,Realyze,2FrNeUjWgof80DDEs7PeUo,Killakoi,5RKMCGJ9Rn9KgkjZT0mIrM,Βeta,2022-12-09,202.0,spotify:track:0JBssULjWdQuFrUxetIQAt,259
3gBugtW0NZc16y4SeFad1q,Suffocation,1y5AEPhu1BAJ0EMhGEFpkI,Kvll,5V0IuUtl69mFKpCU2z4qe5,Suffocation,2022-11-14,364.183,spotify:track:3gBugtW0NZc16y4SeFad1q,260
64BsoNOreVUUm085PymISy,Get Out,47SB8erQZ8ZgCCdQ8I2Yis,L.I.G.,4S9cQnUZhFaNYdBzU0PJmq,Get Out,2022-12-09,152.727,spotify:track:64BsoNOreVUUm085PymISy,261
5Ppnndr20PpHbF44NaKq2F,Sunset Silhouette (Instrumental),1ZiVFdUAwVyLbSdESEL1Zb,L.O.E,060lNQXyZjT1c1dT26ltpb,Sunset Silhouette (Instrumental),2023-01-06,228.517,spotify:track:5Ppnndr20PpHbF44NaKq2F,262
47NYv3PoVKgDcVy2rfuwEz,"Metall, Blod & Aska",5hCvGOag039u2akt37cLGx,Last Legion,1rKEKbBLy5NGPROKUgS9rq,"Metall, Blod & Aska",2022-12-15,273.45,spotify:track:47NYv3PoVKgDcVy2rfuwEz,263
4WaebY4vw0QndgLGRrLxpa,Enemy,4yMIEw1F5ALRIv7bZz0jid,Late Night Savior,4X658yFKrphMvQ7Y2ur2he,Enemy,2022-12-23,198.193,spotify:track:4WaebY4vw0QndgLGRrLxpa,264
4Agx5ekt8fyvvcHKn9AT8J,Ashes to Ashes,6OsObxToqyQ87CLdQXZIpe,Lawmaker,2Vpcuf0z60VWvOQPnhNAOx,Ashes to Ashes,2022-12-09,236.994,spotify:track:4Agx5ekt8fyvvcHKn9AT8J,265
3KCNiAWCi6IEwsmz8xLJJo,Chemistry,461TaZqofVfcQo2wtMwnQJ,LeBrock,4pSxjAcMYIEJwm8VkAv3O9,Chemistry,2022-12-15,182.41,spotify:track:3KCNiAWCi6IEwsmz8xLJJo,266
4DaXW5wiy6vptMBhvyHOAq,Holdvilágos éjszakán,6n5H1tB4XabSOpWtIbtnzv,Leander Kills,5oyEDNpdyKKS4z2a4zB0kZ,Vérkeringő,2022-12-09,196.95,spotify:track:4DaXW5wiy6vptMBhvyHOAq,267
6ROUL9EPX6BCmJxw5t3GYA,Lifetime,2VqHwc8LWIHcav9VEC0BG3,Lethal Injektion,6kFwtkxB01tzyWYhX3flI7,Lifetime,2022-12-23,176.076,spotify:track:6ROUL9EPX6BCmJxw5t3GYA,268
0YsCAsNGfdx34Yokqjom4C,Teeth of Consequence,3vStlvw1Bfuarn4jp2XwIU,Life Unknown,71OTAEve8ZL18Ds10nVtmR,Teeth of Consequence,2022-12-20,187.5,spotify:track:0YsCAsNGfdx34Yokqjom4C,269
30y0r3xRBzngsUXJ2FeTgn,The Debt,5mVUxlgnywxeahNtMpoCiv,Lift The Curse,1tYh4lKvftUG55PLQPQ4WE,The Debt,2023-01-01,225.333,spotify:track:30y0r3xRBzngsUXJ2FeTgn,270
3vTehy2tTrXyEeOieYFEAd,Applause,2asx6eXv9qzj5rA0ESrdO3,Liily,6QOI3b1Lj3eaSzBwVir0s4,Applause,2022-12-16,164.826,spotify:track:3vTehy2tTrXyEeOieYFEAd,271
72Zn6eWG75YmrhEiDox9mo,Nothing On Me,6XbX2gGHvWEx9d8ifcnrPQ,Like No Tomorrow,1FIDgSFzacFMsJEsJCvlDp,Dialed In,2022-11-25,179.489,spotify:track:72Zn6eWG75YmrhEiDox9mo,272
5RGVmqB3TA0pyhnMEaOkb9,Won't Be The Last Time,"5Y22XMM6JdOn9Saxox9uHw,6nKQmcReKxJx1vUt9g25j6","Lil Used,SayWeCanFly",1AYHO28OTnPercSCw6DoB8,Won't Be The Last Time,2022-12-23,201.6,spotify:track:5RGVmqB3TA0pyhnMEaOkb9,273
7ASNJ8RJa69MW1fSg5iIlO,New Music,6RcxmUOBnyAQr2rRsNfQI5,Lincoln,0m9lqjbl8R6kWhsFD4UrOM,New Music,2022-12-16,187.098,spotify:track:7ASNJ8RJa69MW1fSg5iIlO,274
10M684gmSjBMcHNvG3VvpN,One at a Time,5KjVnwiRNQZjgM1BrHYoO3,Lisel,5r6M5AjhnsRtmbSGbr1pVv,One at a Time,2023-01-05,182.36,spotify:track:10M684gmSjBMcHNvG3VvpN,275
4pGxnHLyli1TLkRFHyBxo0,Angel,6eXZu6O7nAUA5z6vLV8NKI,Little Simz,57263zG8Md6XZ9lBUPPYCm,NO THANK YOU,2022-12-12,352.178,spotify:track:4pGxnHLyli1TLkRFHyBxo0,276
23mcPu3QdA7hwjAqFC1UcT,Gore Orphanage,6uwU24AIFP34DYzPSfkCmF,Lotus Thrones,4Fq1KF0qmZYIP96xRjdP9o,Gore Orphanage,2022-12-16,282.653,spotify:track:23mcPu3QdA7hwjAqFC1UcT,277
4HMj40gmhWLGqHk0YNzu0M,Grave of the Fireflies,"63MmxZVbkrXRTyOZm3BCZe,2GWuBfYdmPB91krBNQavHa","Lucrecia,Paledusk",105WE9fhnByBKZe0E4wyqG,Grave of the Fireflies,2023-01-06,295.013,spotify:track:4HMj40gmhWLGqHk0YNzu0M,278
6XzFosn78U3ArYoPObqVkS,Handprints,0UXLGDPnJDKx4YImhJMezv,LÝSIS,76ptYxwHSCr7HekS6JN9cs,Handprints,2023-01-06,268.909,spotify:track:6XzFosn78U3ArYoPObqVkS,279
45Xwfpp1JE0ezLV7XeFjQz,Pathology Calls,05dYK7RFkMy4oFyeh1cp4K,MAGEFA,7h44at9keEFlsF2WiJ7QeI,Pathology Calls,2023-01-06,193.538,spotify:track:45Xwfpp1JE0ezLV7XeFjQz,280
7bwDGSNqKrM9nJD52KgTx0,Ballerina,2ueChRFdpz3p8qhU9CJfY6,MOLLY,63FvofXcoHVDG43Xcd1W5o,Ballerina,2023-01-06,249.0,spotify:track:7bwDGSNqKrM9nJD52KgTx0,281
3ZAdEwTuiK0NQdlVOasxq3,The World Unseen,6ltmynMmgIUOQiL4eHlHyo,Majesties,3naQ4YwbbH6av9sg0FuwC3,The World Unseen,2023-01-06,223.76,spotify:track:3ZAdEwTuiK0NQdlVOasxq3,282
1XdWQlDCxAokrIVnAO0Wns,Isolate,1K3FeAWa6Rp0ZJmNMceaqz,Making Blind Eyes See,25qH9hne02LFWwBIjS3ihO,Isolate,2023-01-03,277.951,spotify:track:1XdWQlDCxAokrIVnAO0Wns,283
1kx8QFlSCd4JZaHTp8QIE1,A Fool's Joy,6PQEekfdTU5yj8ZpYYxVqb,Maladie,6fqUQXmmyz2Mp6yjwgJRni,Wound of Gods,2022-12-09,262.6,spotify:track:1kx8QFlSCd4JZaHTp8QIE1,284
1GPVMpXfDaNrNxm09XSctn,Into The Storm,"2iGVLO33dz7ribdrH3IUv0,0YVV64idMtC1vUbBs8HxtE","Mark Tiarra,Miles Chaney of Endset",3HKDWNz15FziQ1ljQ0EGzk,Into The Storm,2022-12-23,247.905,spotify:track:1GPVMpXfDaNrNxm09XSctn,285
5Py4CsjKOQ1ooFaPRmlkh9,All Hail the Underdog,"01eubWRsmFbrlT2reY1eoe,63mtWM4ZoLwd5rnP6UDEkN","Matriarchs,Aaron Heard",42LkGCRZV2zxgUDXA0n3ez,All Hail the Underdog,2022-12-31,212.075,spotify:track:5Py4CsjKOQ1ooFaPRmlkh9,286
6YCzjxvl4NAqHmBnc4yYfb,Smiling Dying,0xa1en3zqSVSZeRmehtWW7,Mel and The Tall Boys,0NNZdUWLYrsBcqNT0CfrGO,Smiling Dying,2022-12-16,213.052,spotify:track:6YCzjxvl4NAqHmBnc4yYfb,287
51TEEx46bNoF4KwW5QHODH,All Is Lost,2EAy7g3Ga8hS10hAHMf6C4,Memoriam,3LilgHlE2kjdYLVrNcGaAN,All Is Lost,2022-12-09,328.622,spotify:track:51TEEx46bNoF4KwW5QHODH,288
2WW1Mz8D6LsExrFf9nMhF1,La Trampa,"05P9Rp6CyYkdVNSTpYumNQ,2ZF8h5eMKJnBpFYhzKTDUb","Mhelyssa,Autumn's Midnight",66l6R1u82yxxjVv6ftOgav,La Trampa,2022-12-09,193.454,spotify:track:2WW1Mz8D6LsExrFf9nMhF1,289
2MH6FkuEdlsyjmoh6CRmhD,Vineyards In France,"03USwRR7tkGX6MhhNnsNKh,2ImVXJxagzYSK38S6qGBJ5,3eZOSSBQg95LcSFQueyj8s","Mickey Diamond,Big Ghost Ltd,Swab",64FRKxHgXiLDJGUgYeQP8r,Gucci Ghost,2022-12-09,199.545,spotify:track:2MH6FkuEdlsyjmoh6CRmhD,290
2BQMGNScdPTSB7OdZiwE0U,FLEEK,6rIaHuCIUu32uj2CjlEBN3,Mike Dimes,4QDkFgUYaGqqB7m079sRuS,FLEEK,2022-12-13,150.906,spotify:track:2BQMGNScdPTSB7OdZiwE0U,291
4ruSzvg43fv24gIw8zxH7b,Subliminar,7aJNITnu6PfpvPIndpApjO,Militia,1RaizJbFvrtnoeZLUDE8LD,Sangar,2022-12-16,304.0,spotify:track:4ruSzvg43fv24gIw8zxH7b,292
2tOI9xGKXA6GNHJ1hefP1y,Into the Storm,3x5EF7lxYSncNZdEcbsqwc,Mind Enemies,6ea0pQaTtWhtxLZId0grmf,Into the Storm,2022-12-16,399.285,spotify:track:2tOI9xGKXA6GNHJ1hefP1y,293
4U1l4BwnRDkzqIAAPCryBS,Rolling Blackout,5kx19W2Z47r0eF76IIRG7l,Miss Fortune,38W10U4M7SaQx5HpbGVw6J,Rolling Blackout,2022-12-16,233.033,spotify:track:4U1l4BwnRDkzqIAAPCryBS,294
5Af6rk9L1dFtReTrqlwHHY,Með hamri,32zyj5MW8nhKGMaGlp4njt,Misþyrming,7ElQKlJ86fFutJePL9P4bC,Með hamri,2022-12-16,387.235,spotify:track:5Af6rk9L1dFtReTrqlwHHY,295
5oXsm1DN5O9Ey1h6oTa00w,Hauta-Alttari,1kaiQHeL8Na4dtRGOPA77a,Moonlight Sorcery,28uOdTxcHbrVp4UMcI6zBj,Piercing Through The Frozen Eternity,2022-12-21,355.426,spotify:track:5oXsm1DN5O9Ey1h6oTa00w,296
5o9LbFRtoxDRXiJdlPOXSy,Majesty,"79VoWRyWV2e3rTHm1fb6N0,2yMgp5XJfvhpTgAg7wZqRF,6BZE9AyYDPkfejgH7c4DJs,4UPSjbEaWn0LrLoF4f8ipX","Morgan Thomaso,Victor Borba,Hugo Bringart,Cartoon Theory",4gosCMpbomQ5OGjbnqeiUn,Majesty,2022-12-15,281.946,spotify:track:5o9LbFRtoxDRXiJdlPOXSy,297
6JUB6KGfaz0fTbNnTiyISj,Broken,72IRLS2Y4F6otPmQ8nEGWo,Motorfinger,3bTZBCWYjV4qP0E1pGfpNK,Death I Have Become,2023-01-06,216.42,spotify:track:6JUB6KGfaz0fTbNnTiyISj,298
5uYndq24WNWyv4A4Wvv3SN,"Iron Fist - Live at Sporthalle, Heilbronn, 29th December 1984",1DFr97A9HnbV3SKTJFu62M,Motörhead,7JZtTrkPykywMjnwnzqwkS,"The Löst Tapes, Vol. 4 (Live in Heilbronn 1984)",2022-12-24,178.653,spotify:track:5uYndq24WNWyv4A4Wvv3SN,299
4jpWWdVPf7oAgw0yh2SrP8,"Oh, Hello",1qjQ1eOJPOLc2iALJwsOJw,Mr. Fix Your Mind to Die,2Q2gm1LTE0UdCXFbprCM9X,Vultures Ate My Dead Ass Up,2022-11-09,124.69,spotify:track:4jpWWdVPf7oAgw0yh2SrP8,300
1YLmbF6n5uzSVy8PfjDzip,Toate ploile,"1bAOLErVzQeYTQTCmI3TKd,65IHx3QbdMOWFzj73yIKs0","N.O.R.,Dafina",7f2NoH3ZhMJlJtjXgniGzy,Toate ploile,2022-12-01,220.012,spotify:track:1YLmbF6n5uzSVy8PfjDzip,301
7bjt3Gk2sOXJ7RaRI2dzqH,Soap Opera,65NidLkO1RYt4w4ioYdm4v,NAPPYNAPPA,7LZdJR5dkJjk8upJn79lUU,EARTH DAY,2022-11-11,137.777,spotify:track:7bjt3Gk2sOXJ7RaRI2dzqH,302
47jIztLchqnfgZIBZjBaco,Memories,4VFp4OoUgu9mVK5uvrqjjr,NARASANTI,3UvKssB2mVAQfgLl4isVFE,Memories,2022-12-31,218.628,spotify:track:47jIztLchqnfgZIBZjBaco,303
1iecutcDiuLrIkoBkdqSys,This Is Not a Christmas Song,"3z97WMRi731dCvKklIf2X6,4l43uAIHyF5VzgonMKVkg7","NEFFEX,Ryan Oakes",2DgixChTnop7rifAx4lXKR,This Is Not a Christmas Song,2022-12-21,204.0,spotify:track:1iecutcDiuLrIkoBkdqSys,304
07woAAEKD3og1HdgQzxZNr,Stop The World,1V5yIxSCCn4uYM15q4giYd,NOT,3WetntF3p0n5ZNCR9v0Da7,Stop The World,2022-12-09,151.483,spotify:track:07woAAEKD3og1HdgQzxZNr,305
0M6Zjl1BlWBkuFy7Vneaj4,100 Seconds To Midnight,5qISQcrUZOfXjNA4HY5EZY,NURTURE,6emoBC2Gzips4zopeDwyTQ,100 Seconds To Midnight,2022-12-23,221.088,spotify:track:0M6Zjl1BlWBkuFy7Vneaj4,306
04Ndcc1318s9s9gRGGlrQo,Supernatural,3DkHOBTtRZIj7m2aF42rtC,NVM,61yrnIQNoSMirv6gadFV6W,Supernatural,2023-01-06,232.928,spotify:track:04Ndcc1318s9s9gRGGlrQo,307
6tSemeCMDHYp5gqmKDJcn2,Thun,20qISvAhX20dpIbOOzGK3q,Nas,3vQuGKQJMfdXmkjRKqUesk,King's Disease III,2022-11-11,206.106,spotify:track:6tSemeCMDHYp5gqmKDJcn2,308
7GxTUbessh5dkgW86Jwqma,Cesium 137,72ZpKWrwm2TLRwJ2xle8FT,Necrotesque,2bAOnRWNNLLOIEBg4USKZt,Cesium 137,2023-01-01,387.764,spotify:track:7GxTUbessh5dkgW86Jwqma,309
5YCOjxjymsbI5WIZdjjhGk,Son of Sin,79Zxs7jzzD0sCwnYOUCKGx,NervoChaos,3MLZnFlLrGImMrQr7BVD91,Son of Sin,2022-12-09,174.605,spotify:track:5YCOjxjymsbI5WIZdjjhGk,310
7dGXVpFugwNnH0GO5W7Fqd,Get Me Home,4ghjRm4M2vChDfTUycx0Ce,New Found Glory,3IG4fRS5ULUtDo3zguUIXS,Get Me Home,2022-12-16,210.0,spotify:track:7dGXVpFugwNnH0GO5W7Fqd,311
0dT3EaNleRywVMdesWSRmD,Philosophy on Pessimism,0GqHkHO7NsjNBPUZOPTMb8,New Miserable Experience,50oK3tOxc3cGWp0sMZV4gV,Philosophy on Pessimism,2022-12-16,275.195,spotify:track:0dT3EaNleRywVMdesWSRmD,312
4GXevDRtL6hfRELhdUzmcZ,The Unbegotten,4nodkG9zHBbv3PusnldLe1,Nights of Malice,0yeDE7DjXH4Eyf3HPonC6w,The Unbegotten,2022-12-07,287.814,spotify:track:4GXevDRtL6hfRELhdUzmcZ,313
3w4CZKVDLzgZXBqwJRXZN8,Alliance,6E49itrcYDTGpkvCu3Dz6F,Nobody,3RfqnsP65G9vwKmaUUpokR,Father of Lies,2023-01-05,228.102,spotify:track:3w4CZKVDLzgZXBqwJRXZN8,314
4KhCx6cW2UPlaL97ShCHnj,Leviathan,68L540i5tc7wLsj4cz2NrI,Nothing Sacred,1H9pCJ8a3URvqgODV21qF6,Leviathan,2022-12-08,208.086,spotify:track:4KhCx6cW2UPlaL97ShCHnj,315
4pR3sJpBVwJrUY76Tf7KSs,Dyeus,6u8nvPk05GEiFOxJX9J2Mb,Nygotha,2fnSVc3ruUucpnCRxvSrGC,Dyeus,2022-12-23,211.631,spotify:track:4pR3sJpBVwJrUY76Tf7KSs,316
3BDHV8Em5Ynjht9MmoILRW,Kyykkyviini,3iqfiMKG1Qp35bRjj03sb1,Nyrkkitappelu,5MQxgEWlP21yXsbZpW1ljH,Kyykkyviini,2023-01-06,138.52,spotify:track:3BDHV8Em5Ynjht9MmoILRW,317
7oCDwUArhwvP34V1D7QwtY,Iron Age,"0oVA5bRVj84oyh3iT3111Z,2GAs9vOeYJWkniJPBZpd75","Omega Infinity,Adrienne Cowan",3cfah9ZzGUAI1Uemn2wgzU,Iron Age,2022-12-14,431.193,spotify:track:7oCDwUArhwvP34V1D7QwtY,318
0QS8QjtS1SGL6Dp3VvGVjG,Sequential Lives,0ixiCtcREt9RRn5M92GWVu,Opal In Sky,3MND88Shkt7ld1KnqEsxEL,Sequential Lives,2023-01-06,206.25,spotify:track:0QS8QjtS1SGL6Dp3VvGVjG,319
65bWYVITdML3I4Vb1gmc6L,Reaper Of Dreams,"1HKG4li5PGa5U4qMTUWbW4,7hsOYe7y8uBqV4UUsVne73","Oracle Spectre,Worm Shepherd",4OzIMsRKFFCf9wwnRpwRPV,Reaper Of Dreams,2022-12-06,225.909,spotify:track:65bWYVITdML3I4Vb1gmc6L,320
1cnP8Y4sb1c9nadM4j2M9v,Filters,1cvcxPTjjD5Am4GDz2OZAW,Oumua,5KKvRkYDhxypcv9EuwcUzL,Filters,2023-01-05,220.879,spotify:track:1cnP8Y4sb1c9nadM4j2M9v,321
1cXu2b0PAWdZZOQysLSN1J,To the Grave,6U70wG368rrDhQXmAfa4lP,Outrun the Fall,0s7PIJ16TPzwvqvwaLIzHv,To the Grave,2022-12-16,219.0,spotify:track:1cXu2b0PAWdZZOQysLSN1J,322
7nFxDPQghOnopKzdZdfZoz,SEE ME AGAIN,5eKP3s5CJQOYL65VzunrN1,PALESKIN,2kjNI9w6dxQXVYqVCvJSQB,HONEY POISON,2022-12-16,198.083,spotify:track:7nFxDPQghOnopKzdZdfZoz,323
3XPXsTADnYlsSqogT87BDJ,(k)now you're mine! - Remaster,6IwEZHmuA5GMABJIdzslca,PITT,7c0ZKv7U0RRDRYB5Sr85d5,(k)now you're mine!,2022-12-01,147.464,spotify:track:3XPXsTADnYlsSqogT87BDJ,324
5wmmJTMgtYjKXbOJD1DtXE,Sanctuary,4nA8YnfSr0k2GkzFAbUdHh,POWERDONG,2jN3Cpec1cvGAdh8nRgcyk,POWERDONG,2022-12-17,210.315,spotify:track:5wmmJTMgtYjKXbOJD1DtXE,325
0Ma8XajXrMxWbwA5pH4TqH,Bitter Gates of Grief,0F3XCY66bjiKz0xPGzp8ZN,Pagan,0uWo78eCphS18kjcqBWzA1,Heathen Upheaval,2022-12-23,382.656,spotify:track:0Ma8XajXrMxWbwA5pH4TqH,326
2nUicn7YuS1bo2DqgELtj0,Swerve - Rockzilla Remix,"4RddZ3iHvSpGV4dvATac9X,0CEFCo8288kQU7mJi25s6E","Papa Roach,Hollywood Undead",0EXIrUBZVRPGOxPY43AUfA,Swerve (Rockzilla Remix),2023-01-06,167.831,spotify:track:2nUicn7YuS1bo2DqgELtj0,327
24M9UbPvzhbsbjYbuUOAJH,Blizzard of Death,5QRdGlwm2uurL57rgCibKp,Parasitario,4iFbNmeHjxrL1xgg8NMJhV,Blizzard of Death,2022-12-23,375.28,spotify:track:24M9UbPvzhbsbjYbuUOAJH,328
0nsOg71utn122dpHTR4Kpt,Aftermath,0PQ6ajUdjeMSDv84U0x5UC,Persuader,3Y3QiYapo4UH5nmtRL6oyh,Aftermath,2022-12-09,242.453,spotify:track:0nsOg71utn122dpHTR4Kpt,329
0DpMQVZpl0bsIlFbm5CS7V,Panopticom - Bright Side Mix,7C4sUpWGlTy7IANjruj02I,Peter Gabriel,3vMQQGbY67Sj77bD6dT8zt,Panopticom (Bright Side Mix),2023-01-06,313.678,spotify:track:0DpMQVZpl0bsIlFbm5CS7V,330
4EF3sDmIynTNGWAiFJ9g3E,Poisons,44pUNjqg4mExLyFHnB3Bqf,Pile,0ubXhlthegPHrnRxiCx9uP,Poisons,2022-12-06,246.653,spotify:track:4EF3sDmIynTNGWAiFJ9g3E,331
597sn6F22v63glYFOW81IH,Astrid,4nhaUpMjrBW8vywsP2yzzD,Planning For Burial,2PmAY3TR7xAlXzv4d0GHYe,Astrid,2022-12-02,443.5,spotify:track:597sn6F22v63glYFOW81IH,332
5RZ7SFsYXTM4hzL2VAlke3,Electric Sunrise - Live,3Gs10XJ4S4OEFrMRqZJcic,Plini,6HihcemzucOrD4rIbX84D3,Finnvox Sessions (Live),2023-01-13,289.14,spotify:track:5RZ7SFsYXTM4hzL2VAlke3,333
5iqAJ9dhaY1WxwQPF685bi,Worry of Wages,"1gkj2iirvS02OA7AELr5b3,0ht4nPTHgWJ2IdnKF9oV4j","Poetic Descent,Jason Wisdom",26o8gWkw3E3tLBjvqa2GDG,Worry of Wages,2023-01-01,205.2,spotify:track:5iqAJ9dhaY1WxwQPF685bi,334
5gZL12KEyZskuksSrsbCkr,Metatropolis,7toVzxZQU21OjB5PqXNvTF,Project 86,74eJIL8GoBswVTDz2DSKLa,Metatropolis,2022-12-15,298.2,spotify:track:5gZL12KEyZskuksSrsbCkr,335
3xJFE8KqXWtdppfAmAlAdB,Bad Decision,"0Yr3vObyGg2Nssr9gvwV40,2I5oRJrIr40pLnwAeHq2WE,0hMdCqch4crtcudN3vQEfc,2MMe1YupTVkIxtmfDJewbW","Pushing Veronica,Julien Alexander Silvas,Nathan Whitaker,Riley Wilkinson",3liY8g8W7L58RF0CCwuuEf,Bad Decision,2022-12-09,176.426,spotify:track:3xJFE8KqXWtdppfAmAlAdB,336
1rS8aSBVuN23jol7N1yCPU,Light up the Sky,5oMfYeXrlGFv6DgrQ6zCtK,REXORIA,7zPQAdxJSYdzWL0FiAOrpM,Light up the Sky,2023-01-06,206.72,spotify:track:1rS8aSBVuN23jol7N1yCPU,337
4QvMku9TtjxpLS7Xa3x804,Zombieland!,"21v9qLqZzJBzxIKZZNgD1a,3asFJeOEKhiHfWckvTdbC7","ROMA JONSON,OLD SOUL",2xDsQsNrYHAVIkQS4gP1tk,Zombieland!,2023-01-06,121.904,spotify:track:4QvMku9TtjxpLS7Xa3x804,338
0e44E7cQBORdG2R20aSb5W,Aelius,11qRs0wspVl6k3tkJi2hjh,Rage Unfold,2V4yWaCqQgyJOvQf0YxYhn,Aelius,2022-12-08,230.314,spotify:track:0e44E7cQBORdG2R20aSb5W,339
0zTktEaI3BciI7PqUtBagY,"I, the Sun",6LryHUw6ORq08v2ZCfmLFB,Raljarn,1Y8XQXYaY1IM14qpiKDvzs,Inner Outer Self,2022-12-07,285.83,spotify:track:0zTktEaI3BciI7PqUtBagY,340
41WEHsivVEdNK2S6sGunth,I Am the Storm,3TZpN3GTy0RL1i6Pb10IRS,Redemption,4eA8NHQmTcdT78T8joy0Kn,I Am the Storm,2022-12-09,267.641,spotify:track:41WEHsivVEdNK2S6sGunth,341
1VmxMPVq2w38b12WZQq3Mi,Shallow Breaths,"1bdqTbBpPy0SGAmxYun3Hh,5B2GfbXgossZt9SE08Iqn6","Reece Young,Aaron Gillespie",0hh23v1qz3smY6BHIfgM06,Shallow Breaths,2023-01-06,161.538,spotify:track:1VmxMPVq2w38b12WZQq3Mi,342
018eOxihIXrjMlvCxUADe2,Your Opinion Is Wrong,2S4LtpMHhbyG9bi0ZffdKJ,Remote Viewing,6JHEo6sGJnpse6sOcgGoks,Your Opinion Is Wrong,2022-12-02,294.202,spotify:track:018eOxihIXrjMlvCxUADe2,343
5v0wCwJUO35ZBLgnsGPNwt,Vienen por Ti,29AMdFTZ4Ahs3fFXIq8Dic,Resorte,3mVejiFZZP3O3pArJ6Uu23,Zombie,2022-12-09,217.673,spotify:track:5v0wCwJUO35ZBLgnsGPNwt,344
7Filk7QAUJucczfXs2l5Pa,Bajo Fuego,"29AMdFTZ4Ahs3fFXIq8Dic,7rTmbfDJtDCjoy8XK5Dsj5,2CNlyTMkVS2IlK0MIWoU8o,6Lad89OaqnRo5nf7FyVipt","Resorte,Hispana,DJ Phat,Garena Free Fire",18zMLDIr9a9MekoLuUjir4,Bajo Fuego,2022-12-21,166.5,spotify:track:7Filk7QAUJucczfXs2l5Pa,345
6yucNWC6Lk6IhtSZ279qYd,Trip Chain,12cQFjMJf8HYgFqTMwz7Hn,Riot Stares,1poqaLoh2AorTkm2bydkqb,Trip Chain,2022-12-09,143.533,spotify:track:6yucNWC6Lk6IhtSZ279qYd,346
6qTQRje4uqWxdSEkGpI7Nq,Good Light Gone,6Fe7mBeUQqxgwQSItjOr8R,Risk Society,54o1WNF1WRVzO7rh4hBNRE,Good Light Gone,2023-01-06,303.275,spotify:track:6qTQRje4uqWxdSEkGpI7Nq,347
4H8AUcGqDe3JhmnvYRNE6E,A Perfect Story,0QeG3XtI9BMshaZa2rcUy8,Rokuthy,3VBblq0FUq2Ks3AxfhqaLt,A Perfect Story,2022-12-31,298.752,spotify:track:4H8AUcGqDe3JhmnvYRNE6E,348
0BeTWJKmlHONW8BffIdpkk,Barren Landscapes,3lsuI7muEqRELJ8z99SUvR,Rotten Coffin,4ln42TRtlsPNlwpe5GRjOW,The Agony In Slumber,2022-12-12,295.791,spotify:track:0BeTWJKmlHONW8BffIdpkk,349
1OQlqwJcWEBTd3GqWasNoq,Separation,3LwvCcke4PisnEUuhRn8SQ,Royalty Kult,01x23itWVUFWEYq3vs0vVT,Separation,2022-12-06,218.0,spotify:track:1OQlqwJcWEBTd3GqWasNoq,350
5iTmv4W8T8gSlw4ElFwb2H,Blood,5XMgwTANih820SXghyW2xp,Run into the Sun,7mI8pVS8MSY6Oi7hgXCNzc,Cry / Blood,2022-12-06,145.036,spotify:track:5iTmv4W8T8gSlw4ElFwb2H,351
6HcoTn2SbSjcmi3wPD9mxY,Shapka,3FuzPmx49qjFhzbG99d9Kr,Russkaja,3Lf8VMkQEAVqzd7Q7xTw0c,Shapka,2023-01-05,245.985,spotify:track:6HcoTn2SbSjcmi3wPD9mxY,352
4pUz4LDnL9gHt4bxCCat20,Haunted by the Holy Ghost,2OGNc4woCM4XlrYi5cI5QF,Ryan Hamilton,5sDFzWqwUiooAt9CepfEPo,Haunted by the Holy Ghost,2023-01-06,193.4,spotify:track:4pUz4LDnL9gHt4bxCCat20,353
76RnmXcVhLlQQaxL3NfLIe,WHITE FLAG,"4l43uAIHyF5VzgonMKVkg7,7B76SsfzG0wWk1WEvGzCmY","Ryan Oakes,Magnolia Park",5Yhf2Pv1wQyaeGjV2MzAp2,WHITE FLAG,2022-12-09,146.594,spotify:track:76RnmXcVhLlQQaxL3NfLIe,354
0D9jM2o8trRMdJPBycAsW8,NO MORE HEROES HERE,6SGVSqPxYUYa885J3dtXQu,SAGEISKAMI,6hVZZwRDFctyQKMnu147ET,7,2022-12-01,209.23,spotify:track:0D9jM2o8trRMdJPBycAsW8,355
1MbDJQVfQAeCTWMUeXvrDB,DUKE NUKEM,"17qcgleNjGWZoAqUM0MQHs,21v9qLqZzJBzxIKZZNgD1a","SHUSH,ROMA JONSON",0OzvI11qM6D82gtA7iMqLz,DUKE NUKEM,2022-12-10,129.264,spotify:track:1MbDJQVfQAeCTWMUeXvrDB,356
02VyugHnRpMVt8nbKzXZN5,darling Live at ワールド記念ホール 2014.07.06,24b231EnCM3BkpiuWs5VBE,SID,2cNiDtpSLYYtqbOFfspnWf,SID TOUR 2014 OUTSIDER Live at ワールド記念ホール 2014.07.06,2022-12-21,257.229,spotify:track:02VyugHnRpMVt8nbKzXZN5,357
0StGMsw1RlsvEr3ZuGOD7i,Der Weg,7BAAHRA3tDLOlSJiQevsLU,SILENZER,6mT3riXpPtnuRcWUChcJii,B & A,2022-12-23,289.0,spotify:track:0StGMsw1RlsvEr3ZuGOD7i,358
26jocv9sWHU7Hed7K5Ch3E,Du Hast,3uliAYf4KyTkBpVf3BiWVv,SKÁLD,0UX6iMUwM2rRoazDJUCJB3,Du Hast,2023-01-06,222.306,spotify:track:26jocv9sWHU7Hed7K5Ch3E,359
2BDucgFjhgERMgPlR4VzVE,RIP ROACH,5gq4pJWdgWh8rlU5C9vaw5,SPAWN,0QEJAOY4PKgLLZWKtdJAsu,RIP ROACH,2023-01-05,178.285,spotify:track:2BDucgFjhgERMgPlR4VzVE,360
3OBFmxKAaUchlg39PV6nTC,huldre,0OPnOe9UqSG9pIUIEYG8Ll,SYL,7lZ5UBnONyrcgRRAKy9nlB,huldre,2022-11-25,130.936,spotify:track:3OBFmxKAaUchlg39PV6nTC,361
4ASzD4BnLFF6QRF9BZdGHX,The Sickening - Split Version,"2vqxAyqkpAngDDrjjNawov,0PCRapcpgp9JSte9Atwb83","Sailing Before The Wind,Tidebringer",0bNFoSgyGvrcxN0IiXqEj2,The Sickening,2022-12-02,159.894,spotify:track:4ASzD4BnLFF6QRF9BZdGHX,362
3tRdNNsHNbYEqB1lsVNrEb,Jo Hanki Haihtuu,3FmTVdeShHEuw42WdzBdtj,Sammale,63BH9XqWh5WLzeeqyEeYci,Sammale,2022-12-30,492.052,spotify:track:3tRdNNsHNbYEqB1lsVNrEb,363
235AEz7CgqxcuDRRu9LWvL,Otra de Sueños,"01n0og8D2QrWb7fWhxwYZS,3ljuRRLVJKgXJKO0xNqzi6,37fA51dDR8VDOZWmebLQGZ,3XWyZ9uRkvv6ErQGxTu006","Samuel Barranco,Zarcort,Ekaton-B,Entidad Desconocida",6d7JTOW8IhfsU0rntUU6za,Otra de Sueños,2023-01-06,246.345,spotify:track:235AEz7CgqxcuDRRu9LWvL,364
2S3Rn6auanZwU9CTienp3d,Tet,5mZp1Nd1zsgJ5Lqt8G9Bke,Sarcoptes,3yKNPumww5j8nmXPk0xIFQ,Tet,2022-12-16,306.891,spotify:track:2S3Rn6auanZwU9CTienp3d,365
3mdGLNTzxfieKInJp6QesO,Slips In Time,"6dl6zDdlXv6y2A7zMLw7kP,2fTw74RIlSW2P5iwPPt1Em","Scale & Feather,At the Grove",423EcO5qb5oPAsABuSAv80,Slips In Time,2022-12-09,288.0,spotify:track:3mdGLNTzxfieKInJp6QesO,366
4eEraZnRje14sZZuyuulCL,Evolution of the Disney Princess (but she's METAL),3wYmaz9xWUC9fJE7BMfYCv,Scardust,2ltSR1miC2l5axGEoEEns3,Evolution of the Disney Princess (but she's METAL),2022-12-19,214.163,spotify:track:4eEraZnRje14sZZuyuulCL,367
30kCp2qhe3GoF8zw3PSXrq,Feliz Navidad,1pbEZTFweqdpGugARfRokF,Scarlet Aura,4VIttJVxaEW4aSamMtOyNI,Feliz Navidad,2022-12-09,189.943,spotify:track:30kCp2qhe3GoF8zw3PSXrq,368
7HUxVs7jZPXjtYdKnkMB6T,Weit Genug,0gvrCzDfdcHWrTOanKBlJL,Schwefelgelb,26syrYquwybShcCGkq6cgp,Whirlpool-Gedanken,2022-11-11,339.13,spotify:track:7HUxVs7jZPXjtYdKnkMB6T,369
0Vix7QWWKP3Ks3KYm2FXSf,The Traveler,3qcFxAxc0pzQklnjUKxPDk,Screamer,7cREmXYabEDecBY3tbktPg,The Traveler,2022-12-09,268.685,spotify:track:0Vix7QWWKP3Ks3KYm2FXSf,370
67wjsmf0TcxuYXme6zUTqE,The Rule Of 21,"4uIHW758guEB2kTjfmMBc8,5FEXEjkn7RZM0XycCEkSvP","Seas on the Moon,Lena Scissorhands",4P56VWkfMThKsSdIwoGCn4,The Rule Of 21,2022-12-23,282.272,spotify:track:67wjsmf0TcxuYXme6zUTqE,371
0XSf0bOgJJB3FnuWXOrbxI,Harder Than a Diamond in an Ice Storm,"1LXanvTqBuBIocXWRMs2MK,0dtrln2s0DQ2nOJI7V2cZE","Seasons,Taylor Barber",11xktMHYJJzGRzztJ674eO,Harder Than a Diamond in an Ice Storm,2022-12-23,226.0,spotify:track:0XSf0bOgJJB3FnuWXOrbxI,372
1oGcsh9ExPXLFctTHXxbT7,Rise Up Lights,1pKssMXSJO047plkpfKlKr,Send War,7hqsdeSwR3IJeWyMPsCqfJ,Rise Up Lights,2022-12-09,204.0,spotify:track:1oGcsh9ExPXLFctTHXxbT7,373
48xikk5peKVfr7z9510e3f,Ghost of Yesterday - Live,2lP1T5oI2BjkLq9axMhG2o,Seven Spires,4Vl3pZMhtMEBYDhS4ZMDB6,Ghost of Yesterday (Live),2023-01-06,251.48,spotify:track:48xikk5peKVfr7z9510e3f,374
1jWyTDLrhFtrZiPe0u10hd,Nothing Left to Burn,76lKNyW77arKg42qdDO9Sm,Shores Of Null,4F9EABxIIZAQWdgeQXHedl,Nothing Left to Burn,2022-12-16,295.36,spotify:track:1jWyTDLrhFtrZiPe0u10hd,375
26kcEKwoU8Mla8bNI6fDr2,Coincidence & Fate,119lba2E5Wz6tQUlSu3Q1l,Siena Root,0GtlLxUKOBDavihOpcYMvD,Coincidence & Fate,2022-12-09,280.053,spotify:track:26kcEKwoU8Mla8bNI6fDr2,376
4neTJOv6WIoLFgRNoxfPjH,Creatures Of The Night,0ppFsYRZGoGYxL12PSjS2q,Silver Bullet,3yKj0fbclkjeNjocbyy844,Creatures Of The Night,2023-01-06,279.326,spotify:track:4neTJOv6WIoLFgRNoxfPjH,377
0tOsw0cPBemrySm9oH0xbG,Compressed to Death,3jUzTM2fYKV0FolviFbhKp,Since the Death,2z0nX3ERvjF5GVQObWizFT,I Belong to Christ,2022-12-23,239.92,spotify:track:0tOsw0cPBemrySm9oH0xbG,378
5xUJoCTgCABWhiXPdcb6F1,Uncontrolled,4zSCMg8S5ZZO3gXtdIfs5v,Singularity,3XzOKDUWqR53yNKZSLV4Uc,Uncontrolled,2022-12-19,288.615,spotify:track:5xUJoCTgCABWhiXPdcb6F1,379
6VWocK4U2rcTQeVrfDlCMV,Psycho In My Head,49bzE5vRBRIota4qeHtQM8,Skillet,4Zc1iqCZrZFjR8XGI9gecJ,Psycho In My Head,2022-12-09,197.48,spotify:track:6VWocK4U2rcTQeVrfDlCMV,380
761tGJAC4E2weJMJtNnl2B,The Summoning,2n2RSaZqBuUUukhbLlpnE6,Sleep Token,1JEBAsb3H4rmmMtVJW7sEC,The Summoning,2023-01-06,395.716,spotify:track:761tGJAC4E2weJMJtNnl2B,381
2Z6O0Y8e8BhivM3VxBoSGY,Lethal Storm,6Unmr1mmDxRqZY7jkSQOcg,Snts,63Yc8eps1A3Pgoyfp8rhJb,YOU WON'T DEFEAT ME EP (SNTS016),2022-12-09,303.875,spotify:track:2Z6O0Y8e8BhivM3VxBoSGY,382
6CLywgYWGWJoj5RWN4M2in,We Take Form - Live,61K67dW1qw5XtHAwjZEOuJ,Some Kind of Nightmare,73LCgHeksLbEvXurmFGxS0,We Take Form,2022-12-09,156.572,spotify:track:6CLywgYWGWJoj5RWN4M2in,383
2zYxceYidQR1dH0Y5WA18Z,Departure,2h8TligWI8YeZluK5jVZUQ,Souldrainer,5BzytZuDJpNOWE2H9qRTLR,Departure,2022-12-09,238.75,spotify:track:2zYxceYidQR1dH0Y5WA18Z,384
55d93CJHeQfPnyWjBxrIr5,I Am the Fire,4YmdAxENgEABrxFj8zRSsA,Soulspell,7yCbzaQfI2ZFmwzymzunw7,I Am the Fire,2022-12-09,221.619,spotify:track:55d93CJHeQfPnyWjBxrIr5,385
4bqLYjXuqAAmAqat9teDhf,Your Heritage,6Gr63lomKREePH5mtvVWNh,Spidergawd,2uGxArBeTrM6p9qssRdjYY,Your Heritage,2023-01-04,253.16,spotify:track:4bqLYjXuqAAmAqat9teDhf,386
05Anmn45RJLeQNrDL2UKE9,Pulsing Wound,2dsmFzu9Ks0ds6SpaP6hVT,Stabbing,3oX3C1T2Al22RTtfFACMFd,Extirpated Mortal Process,2022-12-09,144.213,spotify:track:05Anmn45RJLeQNrDL2UKE9,387
3wXaXoVwIZ1FYGebY0XU95,I'm not artificial,00J2XImjVzUGPq1pXkGDBe,Stefan Altzar,3KiyQo4skKuZIDZJ8urU9C,An independent country girl on a sugar rush,2022-12-09,235.0,spotify:track:3wXaXoVwIZ1FYGebY0XU95,388
3Ffvr5opz8Hp5tctr2oTza,benzodope,"6h4smhKMIjD0RN0F7dlIda,7jsE6rbawSfr6GqQBk8dXt","Still_bloom,cohen_noise",2uyZfthZUoRppayw3MNOtY,benzodope,2023-01-06,200.558,spotify:track:3Ffvr5opz8Hp5tctr2oTza,389
5iB07MiiqT8CknY8jjNqFK,Kråkorna,49nlcaQ7gAunXS6OZLDGl4,Stoort Neer,6fulZyKjII6UbWWza27j0m,året utan sommar,2022-12-09,99.173,spotify:track:5iB07MiiqT8CknY8jjNqFK,390
4TfuXhee4pvVlkV3kuBxs4,Heavaway,4zAK8a87dIdPw6xRYvsr4c,Storm Seeker,5fVBU25BJkbvWr4lgnWHpz,Heavaway,2022-12-09,204.48,spotify:track:4TfuXhee4pvVlkV3kuBxs4,391
5y4yYLMrWPxaE5GdD2aQgP,Was ihr wollt,544X9aDcwFDSon8HevRcqg,Subway To Sally,4I1ReorLRAuL916jN24oko,Was ihr wollt,2022-12-15,227.093,spotify:track:5y4yYLMrWPxaE5GdD2aQgP,392
5gegCDOOaG8HyhQJY8kIma,Anemic,6MIFo27RGJk1au7hN0HFiO,Sustenance,5gWGYJgaMDiVmyXwAb5sH0,Immiscible Domain,2023-01-01,140.354,spotify:track:5gegCDOOaG8HyhQJY8kIma,393
4KfKFNsNU4vlhoDyaEM4sb,罪と罰,"4HuJs9eDH2FabKD7j5K896,3EEfaEgFdVmIcKbZkglyw5","Swarrrm,Takafumi Matsubara",6sWlY2AlOQM5IvxHudOwmH,Layered Chimera,2022-12-21,213.422,spotify:track:4KfKFNsNU4vlhoDyaEM4sb,394
1u38kG4sTnPlsJSu5FUWLP,Andrea Gail,7HM5QQqoNmeIMKPQuzykZF,Systems & Stories,29GTWPaZEf9L31FJgxCgCD,Andrea Gail,2022-12-30,220.0,spotify:track:1u38kG4sTnPlsJSu5FUWLP,395
4CGXnpxtav6ZTN3VtKe7Ad,In Obsidian Clouds,2vApHkjzUW3bxkTUkqzfbt,THE ANSWER LIES IN THE BLACK VOID,5i0egQdIGBuaqftfZTOdDA,In Obsidian Clouds,2022-12-14,332.0,spotify:track:4CGXnpxtav6ZTN3VtKe7Ad,396
26GBvLIi7H5bGZvRzMetxH,The Black Album,3ikKyCOrsMeANi0d5u8BCR,TOBACCO,1X0SGRfluLgGl9cIuJk6z0,Skids and Angels,2022-12-02,173.433,spotify:track:26GBvLIi7H5bGZvRzMetxH,397
10Sx3YSSF8CTp8Ghwgf6wc,ABYSSVS ABYSSVM INVOCAT,5STrUja1CRVS3wNpZGcCq8,TRIAGONE,6PCyEI4SCxGeo6WRQsmR1b,ABYSSVS ABYSSVM INVOCAT,2022-12-06,264.29,spotify:track:10Sx3YSSF8CTp8Ghwgf6wc,398
26fuq134K9eKIUscRmpmEz,Inhale Exhale,45ihy5mszA5zmv7GchLZib,The C.I.A.,7hoiKA2wYD5r9oQ43SwBV6,Inhale Exhale,2022-12-06,139.426,spotify:track:26fuq134K9eKIUscRmpmEz,399
47ptl952NVcRBR8xYOUrrZ,Goo Goo Muck - Sped Up Version,4lYtGx5NZQJHsMyhHc5iz3,The Cramps,6gjMMiCy0ThYsX40a8lUPJ,Goo Goo Muck (Sped Up Version),2022-12-23,148.853,spotify:track:47ptl952NVcRBR8xYOUrrZ,400
7mIapIi1CBfciUrzB5zKHI,Simulation,3tTDfNXZMDWXaQGlvXE8Lk,The Dark Atom,1vGJmZXVw7Bskl0LFxIEhm,42,2022-12-09,301.255,spotify:track:7mIapIi1CBfciUrzB5zKHI,401
4wjWn8Z5MmrUTCbq2Pu09Z,Double Trouble / Lumos! (Hedwig´s Theme),"7mkJGPq0wt04Wz4xyWsGEm,7i3Xc8Q0FEGHlsERoPgejc","The Dark Side of the Moon,Rusanda Panfili",380BOS63zClRKGPF6beBeU,Double Trouble / Lumos! (Hedwig´s Theme),2022-12-14,178.186,spotify:track:4wjWn8Z5MmrUTCbq2Pu09Z,402
1FSRRSmrqKFohPDPHmSxIH,Memento,6E1AERKe6DMmO8bl35xkUF,The Foreshadowing,7cuX9BnaPglJgjYAY28tiJ,Memento,2022-12-09,331.193,spotify:track:1FSRRSmrqKFohPDPHmSxIH,403
3zLXpX0LmQtozY4r5JBdmD,Hello Sea! - Acoustic,2gwo7JN0Ug8xOQZKevs5Pr,The Hellfreaks,51pEToW7iIPvkrmz4PYF3p,Hello Sea! (Acoustic),2022-12-21,205.833,spotify:track:3zLXpX0LmQtozY4r5JBdmD,404
1IJNnRKqwV58jwqNwHk2rO,Wounds,"7eQGtfOGKRndQcXCO1Xos6,0PNbGkwlV3farYnmoojYAY","The Hero and a Monster,Convictions",40Ebmpklopu1HP0c5kV7u2,Wounds,2023-01-06,262.566,spotify:track:1IJNnRKqwV58jwqNwHk2rO,405
707OTAZ58ML4u4Mt7PMYm5,The Hill Is Burning,6vzsOuuHmSN5IRL0bD0PNK,The Hill Is Burning,70tXrJ10kh8cb9b9gpmnzn,The Hill Is Burning,2022-12-02,198.844,spotify:track:707OTAZ58ML4u4Mt7PMYm5,406
3eUcEIIW1NGRFbecxd0e0S,Sonntag,6ahs4UAnYtpgTHHdiojFHt,The Holydrug Couple,5iMRQiWB7WTBaqcDglwNkI,Pan,2022-12-23,195.5,spotify:track:3eUcEIIW1NGRFbecxd0e0S,407
0tzH1NrjX4cZPeZVvLGLyY,Into Darkness Ever More Profound,5Wwd0udI36S5CKfksJI2tl,The Howling Void,79lwwcF7csjwWKTJK7SKzP,Into Darkness Ever More Profound,2023-01-06,655.086,spotify:track:0tzH1NrjX4cZPeZVvLGLyY,408
2vBLLg9gxGqyQG9JvxzhTe,Never Say No to Panda,"1XiP8X4U0vsAVcbK2fkSZl,57PgV72DVxytrhOyeZ4p03","The Last Bear Ender,Post Descent",17rnJlKCMPteJFB36CTbRx,Never Say No to Panda,2022-12-23,293.999,spotify:track:2vBLLg9gxGqyQG9JvxzhTe,409
7DwteaRAoKTvYNyklyIdc9,A Matter of Time,"3v585Z1aC2FYImkwfdg2a8,4ruO9Y424Hf796fUGMLKcC,3ZnwEx8xR34c1b3S0MpZIw","The Prog Collective,Steve Hillage,Jon Davison",6cUthWhJnykUKxnng075IN,A Matter of Time,2023-01-04,424.346,spotify:track:7DwteaRAoKTvYNyklyIdc9,410
1LZPKo6vGRUfpRlatLm4jY,The Fight,2rVDi66o7gdeUq1OHUzM0W,The Protomen,0UPVt7rKCDMln3IpykJOha,The Fight,2022-12-16,277.463,spotify:track:1LZPKo6vGRUfpRlatLm4jY,411
1Hngog7k4EJNpLbJn7Pkx6,The Detrimental Ones,0DZCezScbs2rnECvw7PEdY,The Silenced,79345dTM7vu7AVFC0eLByV,The Detrimental Ones,2022-12-07,255.411,spotify:track:1Hngog7k4EJNpLbJn7Pkx6,412
1njkMdwveFsnqghHpiBGvd,Paint It In Blood,3BTVFfo4K9ilLQ3vhLBbbs,The Tryals,5RlGa3MNRVfH1RyKX2exvt,Paint It In Blood,2023-01-06,188.544,spotify:track:1njkMdwveFsnqghHpiBGvd,413
7M6TETWpeoTJlmCr9g55fO,Mad World,"0XQIFN6X5mD98c6gOSLtfJ,6nYo7m5cO64bANRvilwVBb","The Winery Dogs,Richie Kotzen",6mPlGnRPxgAFv98QjYFDic,Mad World,2023-01-06,288.013,spotify:track:7M6TETWpeoTJlmCr9g55fO,414
2fzSxgzzGM9bpGcjFbVa1X,In The Bleak Midwinter,"4CQYX5451pk6EbyEHJ8ie8,6oK9cbKqkn2T6Hc1IdwP23","The Ðevil & the Uñiverse,Sieben",78Xkt6W0TTs3H1G0015GI0,Thank Goat It's Christmas,2022-12-06,223.0,spotify:track:2fzSxgzzGM9bpGcjFbVa1X,415
3olto3axxmtcDklMMr4y42,Awful Lies,3AF9jYNoKu6AkB1Jkr7qjn,Thermality,5XBzLuWYQnDTRncuC5ymIO,Awful Lies,2022-12-23,199.074,spotify:track:3olto3axxmtcDklMMr4y42,416
0rtpzH3muMyf7DiAp0Dz6E,Schemas,5hqE5QyGrFwNUowJz2BuIv,Third & Delaware,2mu7u5xeifHiWPOG4pW9GC,Schemas,2022-12-02,247.3,spotify:track:0rtpzH3muMyf7DiAp0Dz6E,417
1nQCvakx8rsbcM59OmdHHl,Duplicity,"2dTkjoaPU2DMXBLJy9e2zg,1KGFAcP7ovMYuoQuloDhOj,4ZCINPmMmZUh4H1qNqzIxq,5FnmKJQudzhF5DcDE47San","Thomas Thunder,Bumblefoot,Derek Sherinian,Tony Franklin",4Q5iU14VdRgZKcOn1IWQVe,Duplicity,2022-12-16,187.245,spotify:track:1nQCvakx8rsbcM59OmdHHl,418
3oX7yCq5cCBZfoeWtMwjPp,Main Title (from Elf),578eu6fkkEk3RFx62KwUkN,To Die Elsewhere,63CQbNmalBx2WjerwZhazP,Main Title (from Elf),2022-12-09,104.448,spotify:track:3oX7yCq5cCBZfoeWtMwjPp,419
3Fg5ZDrV66DlNLAh2LO8vL,Axe of Kindness,3jr9qsKWQjf3iMNQ3rWVDQ,To The Grave,4zr1Sv0QdzOidHBxuStPh6,Axe Of Kindness,2022-12-06,248.6,spotify:track:3Fg5ZDrV66DlNLAh2LO8vL,420
7pelf1TTnKtTNtMidMgWB7,The Council of Trent,1wDwVJFIKgpRNkYVhcE6PM,Todd Duane,3CCcbBOLdCHfWEuK2iKAmL,The Council of Trent,2022-12-31,184.531,spotify:track:7pelf1TTnKtTNtMidMgWB7,421
1NqDU7Pz1muKbNQ1c5PgIc,Tombstone,1Am8sk0iAceQRHaKV0p57s,Tombstone,7c1xOWjHKCsuAoO4S7JJ3g,Tombstone,2022-12-23,212.996,spotify:track:1NqDU7Pz1muKbNQ1c5PgIc,422
6imonh87O9qzBvMtKArDbD,Dark Haired Girls,4wLng1JS1GSvps2dPloyzf,Tor Lundvall,6fSQ37OTgmi3W0BlLVyHZ0,Dark Haired Girls,2022-12-16,242.92,spotify:track:6imonh87O9qzBvMtKArDbD,423
3Kcv1FxR9iNrW0tTKq0WkH,The Lost,3m4DZHVlxFO6HWNc6mSM1g,Toxicon,0TLW1QhKOtQ53Q6zDNrE6P,Be The Fire & Wish For The Wind,2023-01-01,421.309,spotify:track:3Kcv1FxR9iNrW0tTKq0WkH,424
0vREMQcDdb9WkcSVaZikF4,Cyntax Error,0daJIdnSmyi2cqb8g3vjOM,Trashed Ambulance,6szNEWJXi812AV9zribm91,Cyntax Error,2023-01-06,154.313,spotify:track:0vREMQcDdb9WkcSVaZikF4,425
4BA7cmly8gbTaeJ8HO2BvA,Daybreak,62LTsATQ4cQJTWWpDQXv0U,Travel in Mass,6Swh4LpFPPjqtEeX74WALe,Daybreak,2022-12-08,279.797,spotify:track:4BA7cmly8gbTaeJ8HO2BvA,426
4e5RcInfmlztQiOfrhUTwm,The Vengeance,6Va71hx7PWi5TeBU4iPB0l,Tryglav,3bmlYUEPPPQqrWqvGAVoXl,The Vengeance,2022-12-02,251.826,spotify:track:4e5RcInfmlztQiOfrhUTwm,427
1AdAG5CgxwU0AD81tQt58v,Isråk,3YIfnAdb1VsyR6wCSmQen7,Tulus,423bdNR6Gn7Dj02EUusypE,Isråk,2023-01-06,235.706,spotify:track:1AdAG5CgxwU0AD81tQt58v,428
2xAs0uGsCEO5u8S0zK8zxL,Patients,6006zYjiggH7b9BySvr1ps,Turbid North,1047UUt0D0iOrSddTyOSWM,Patients,2022-12-12,96.827,spotify:track:2xAs0uGsCEO5u8S0zK8zxL,429
0BCMXVMyncNUTIdQovjHGh,CLEAN,7fqESX5UupXb4MlbJ0HKbr,UNI and The Urchins,5mAzgMxp1XmXWyMNFahISt,CLEAN,2023-01-05,218.58,spotify:track:0BCMXVMyncNUTIdQovjHGh,430
79bvjCPdyxVH3jAjfrmesQ,Defiance Towards Futility,05piGk6N8G495RPMAbRMtO,Uburen,0PD5UPbJNCCPxRgKErdECq,Defiance Towards Futility,2023-01-05,317.697,spotify:track:79bvjCPdyxVH3jAjfrmesQ,431
2VDk7I2VwagSt54xytSdK8,Astranumeral Octave Chants,6s1hQzoXYdEjYdJiHbu1iZ,Ulthar,7lTmeGY8s1uZLq8LWfd0Rr,Astranumeral Octave Chants,2022-12-16,274.4,spotify:track:2VDk7I2VwagSt54xytSdK8,432
1ITHNEqvRNv80T29KBjhbG,Astranumeral Octave Chants,6s1hQzoXYdEjYdJiHbu1iZ,Ulthar,04GdXCLsMdgmP6diSetIdA,Astranumeral Octave Chants,2022-12-16,274.4,spotify:track:1ITHNEqvRNv80T29KBjhbG,433
5ddITxVtI6ZmjniwPwNhOL,Rabid,1qpJsOViGm9tWrlJFResh0,Unchristian Christian,1Mzfz0qaNwQ9YqLzeb4W7U,Sulphurfeast,2022-12-09,269.3,spotify:track:5ddITxVtI6ZmjniwPwNhOL,434
7fVSbXuL9S7w06wuW4She9,Atlantis,0IqioJAG6mKJ05NRRMbnnY,Uneven Frame,3qIJb9dpyyd5UDRLd6zffm,Atlantis,2022-12-02,345.951,spotify:track:7fVSbXuL9S7w06wuW4She9,435
0TC4Rlm7pJyjr89q6IsFKF,Pale Lechery,3RgqSHlJgZEY21ajr44zp3,VAHRZAW,0mCwWdKBAEK5AEFCIqJ3LM,Pale Lechery,2022-12-16,379.818,spotify:track:0TC4Rlm7pJyjr89q6IsFKF,436
3Vf6WrS0Xb1x5nI1G7CA9a,Son Of Fire,7HK1H1rVnAdFaaajlBqN7L,Validor,6Rd7skAgM7Rwi8Sa1VD9bU,Full Triumphed,2022-11-20,194.122,spotify:track:3Vf6WrS0Xb1x5nI1G7CA9a,437
5e1BgOAokrZwCfxLspeeGy,Wormholes Collide,4M6OZIq2yFruBLe3F0o8a3,Vampire Squid,1Py8eaZjnCGnvuZNxDoNdh,Wormholes Collide,2023-01-05,225.483,spotify:track:5e1BgOAokrZwCfxLspeeGy,438
5FDUSfV34fplpgZXahyJmm,Out Of Time,0stVHIegvngPG9g24MgOUx,VantaVoid,7p4gFWKtGX4u3Y1NIIQVII,Out Of Time,2022-12-09,202.946,spotify:track:5FDUSfV34fplpgZXahyJmm,439
2UNMiuEiQ3nJq0ErpJ9hV8,Oddal,4hPZcn88byVBikt7EMipiW,Varmia,3cVrFlCufoMScZwfVIYO9L,prolog,2023-01-06,394.169,spotify:track:2UNMiuEiQ3nJq0ErpJ9hV8,440
5zVGq0b78Ji23A4N73FTgz,Love U Madly,3x8Zm0WBMUymTl7cCAz7Zi,Violet Saturn,1YfnOrebkPsdnglMBP4ET3,Love U Madly,2023-01-06,143.175,spotify:track:5zVGq0b78Ji23A4N73FTgz,441
42rXY0oAdyxgnhvDoJVzuZ,Shoveled Into A Bag,5tzKHMv3nxruSxWiLcrVIt,Volatile Ways,2PnB95AzWusmVNPLlkAKiE,You Died,2022-12-09,99.148,spotify:track:42rXY0oAdyxgnhvDoJVzuZ,442
2WapXVaCm9DobKnKSHe2mA,Metal Train,6EXN1GdAnzfXphEMPYa3Vo,Volition,0ETu2n5B6gVfSG8zocpc4N,Metal Train,2023-01-03,200.0,spotify:track:2WapXVaCm9DobKnKSHe2mA,443
5LkZ5ACw4BpDe9Ow93rpbW,Enter The Loop,3v6xMwgOKzEYpZNalgtqhI,Witch Ripper,6VGF6UMdEThtTOQA3kWtBq,Enter The Loop,2022-12-06,474.2,spotify:track:5LkZ5ACw4BpDe9Ow93rpbW,444
6qIY6M6gxVnbt1TXDVMpnS,The House That Dripped Blood,5deWLZhciybEEFxfafcXTF,Witchthroat Serpent,5lVvH8bp4BQNUlu5kTBNOa,The House That Dripped Blood,2022-12-09,354.426,spotify:track:6qIY6M6gxVnbt1TXDVMpnS,445
2cYi8XcbDE7nFy2ip5V7v7,Play God,1ADo1iCVBg2hJgpKRCFajD,Words That Burn,25qhuGI1unDO9JCt6ThU8K,Play God,2022-12-08,304.166,spotify:track:2cYi8XcbDE7nFy2ip5V7v7,446
397ynt2c4semL1veoHqPJE,Morningside,48my7TgeWjDyB938F0PxHN,Worthy of the Crown,6Umw4vJ6fz9oXM2oNlQj5R,Morningside,2023-01-06,298.0,spotify:track:397ynt2c4semL1veoHqPJE,447
1t2tY1L24mCpsq7p8tdetF,Mass,"3R53qRJO7V9AGiTdcXBHOR,2etWd0NWBq5uYAXMe8yirS","Wothrosch,Niklas Kvarforth",64kNP60DVCK83R1F6iYz1x,Mass,2022-12-09,371.773,spotify:track:1t2tY1L24mCpsq7p8tdetF,448
0g3OHnSauWIER0fyezL8u0,Utterance from the Inhuman Tongue,5RXIMsPlvRJaQIMMivH8m7,Wretched Fate,1D46ELa84pRFEBbV6FoVXI,Utterance from the Inhuman Tongue,2022-12-23,184.846,spotify:track:0g3OHnSauWIER0fyezL8u0,449
6tdaPu8xDrBsQLV1Jfj1cF,Baby Steps,"6ql3PKpzPtJITCzZBebyaV,6XgIk9Y6qy6JCMZVime6DQ","XL LIFE,Bob Vylan",3WmyWjZ6EujeH4iaaKcW9G,Baby Steps,2022-12-16,262.541,spotify:track:6tdaPu8xDrBsQLV1Jfj1cF,450
62kdQaoGTQxcN0djfRBDvY,Between Eerly Howls of Wind,"0fm5nbILFe50ypzKNhz0yC,72unU2j2vnNWFiITlvx2nv","Yokai,Këkht Aräkh",6EeBs2B7H9qriTkQCyiITs,Between Eerly Howls of Wind,2022-12-27,408.542,spotify:track:62kdQaoGTQxcN0djfRBDvY,451
74sXPd0ETv04fkMznPOPBs,.. for those who wonder,7sIqQ156agqM5h9O0FgQLG,ZIION,6QAHYHCeRlMpOeMegZ21vy,.. for those who wonder,2022-12-16,252.0,spotify:track:74sXPd0ETv04fkMznPOPBs,452
3rGyUcqsb4jlmBg8vyjn0F,La sardana de Baal Hammon,"5id3QE9SvJCxWwHVa0zRcD,40sPlPGgON8MBAiW4CIFTP,5ZGCeFIgsJrHwl1c2tcFXg","Za!,Tarta Relena,La TransMegaCobla",2bknXwVkrXem2RuUON5dbm,La sardana de Baal Hammon,2022-12-16,464.175,spotify:track:3rGyUcqsb4jlmBg8vyjn0F,453
6Rq6CVzxpnPwmbjhFRAnZx,Lost - Nightcore,"6m6xd6SoWbsT1SD0oqcDmB,4H502w3aY9YWNIPWTx8adz,3TaRoxCRNfchmN7P0odIdE","ZeroMizKun Nightcore,Cherry 葵 Nightcore,Empty Trail",7GTWmviDWVqRGPJmrwCO7D,Lost (Nightcore),2022-12-30,207.662,spotify:track:6Rq6CVzxpnPwmbjhFRAnZx,454
233hmUcShoidknFfIHFxVk,Dice,0kkilltOyQcFZ7guDfQH1o,Zerostreet,3mxrOXbWM7UxJiTQEdJuNH,Dice,2022-12-02,230.855,spotify:track:233hmUcShoidknFfIHFxVk,455
0kPPHRuQQ3bCtRRhKEnr0x,720,"5pRCK6s2khsCmSJERmgDA5,1NhHx2cTyDwW8b9MgxOML7","bunsenburner,Bensnburner",3mLf5rVycP6FVVRmgeM9cc,poise,2022-12-09,368.5,spotify:track:0kPPHRuQQ3bCtRRhKEnr0x,456
2txjUgSb2gyZPgGjyky8Vp,DETONATION,2ql2HUwWCBWJ6mRPX3lIA4,cool sorcery,0XixPAkzKYOzXCUG17664x,The Definitive Step-by-step Dance Guide for Warlord Necromancers and Enthusiasts,2022-12-16,223.714,spotify:track:2txjUgSb2gyZPgGjyky8Vp,457
0sZr4ETXXInxKZeNHQdz52,Plagiarizer,3dbSL43i8580GLWJRknu9w,thanks for coming,7MZw0rg127xSEM1CXDkIIh,You Haven't Missed Much,2022-12-12,123.341,spotify:track:0sZr4ETXXInxKZeNHQdz52,458
113WFeBIN1isSOGDFOmbpA,Actions Diagonales,5HcGgVIoLDs8PbHbsiU3ov,vromb,4FPtZZA1WHSmKiq61WkRSU,Polygonie,2022-11-14,257.332,spotify:track:113WFeBIN1isSOGDFOmbpA,459
4HJJyFnQKbGwPYpWCuhGqv,Middle Seat Blues,6SiyKSeJo6gcsS2NvuAbsl,zebrahead,1CyQE3ghzFgt9RBF1Ga6R4,Middle Seat Blues,2023-01-06,190.075,spotify:track:4HJJyFnQKbGwPYpWCuhGqv,460
3tJf7lIA4BBDC4xKc8eIY3,Hasta El Final,7sEGvzHN4AHk2dsVZ5lnWD,¡Pendejo!,7wBIIOiBrUszsuOmXJQIuW,Hasta El Final,2022-12-09,242.586,spotify:track:3tJf7lIA4BBDC4xKc8eIY3,461
54ELExv56KCAB4UP9cOCzC,Gato de Noche,"12vb80Km0Ew53ABfJOepVz,4q3ewBCX7sLwd24euuV69X","Ñengo Flow,Bad Bunny",2GS2h80Dp8rFdGEa0j0JhH,Gato de Noche,2022-12-22,227.013,spotify:track:54ELExv56KCAB4UP9cOCzC,462
54eJutFjTfYsePRumRpCDm,Последний вечер,6gXQBuV1gOdNwAWpQ2tBnS,Трибунал,06TsXSTmf31Or3e7Ya0QoM,Последний вечер,2022-12-20,224.437,spotify:track:54eJutFjTfYsePRumRpCDm,463
